Date,Gold_USD,Silver_USD,Crude_Oil,Petrol,Diesel
02-01-1968 09:00,35.18,2.17,,,
30-01-1968 09:00,35.19,2.02,,,
01-02-1968 09:00,35.2,2,,,
01-03-1968 09:00,35.2,2.2,,,
01-04-1968 09:00,38,2.26,,,
30-04-1968 09:00,39.1,2.4,,,
01-05-1968 09:00,39.1,2.36,,,
30-05-1968 09:00,41.75,2.48,,,
04-06-1968 09:00,41.2,2.43,,,
01-07-1968 09:00,40.9,2.51,,,
30-07-1968 09:00,39.1,2.24,,,
01-08-1968 09:00,38.8,2.22,,,
30-08-1968 09:00,39.85,2.24,,,
03-09-1968 09:00,39.98,2.24,,,
30-09-1968 09:00,39.7,2.17,,,
01-10-1968 09:00,39.6,2.14,,,
30-10-1968 09:00,39.3,1.96,,,
01-11-1968 09:00,38.9,1.9,,,
02-12-1968 09:00,39.9,1.94,,,
30-12-1968 09:00,42,1.97,,,
02-01-1969 09:00,41.8,1.96,,,
30-01-1969 09:00,42.55,2,,,
03-02-1969 09:00,42.5,1.99,,,
03-03-1969 09:00,42.75,1.82,,,
31-03-1969 09:00,43.1,1.82,,,
01-04-1969 09:00,43.1,1.81,,,
30-04-1969 09:00,43.6,1.78,,,
01-05-1969 09:00,43.6,1.78,,,
30-05-1969 09:00,43.15,1.77,,,
02-06-1969 09:00,42.95,1.77,,,
30-06-1969 09:00,41.23,1.56,,,
01-07-1969 09:00,41.1,1.6,,,
30-07-1969 09:00,41.49,1.62,,,
01-08-1969 09:00,41.39,1.61,,,
02-09-1969 09:00,40.79,1.69,,,
30-09-1969 09:00,40.65,1.88,,,
01-10-1969 09:00,40.75,1.86,,,
30-10-1969 09:00,39.98,1.93,,,
03-11-1969 09:00,39.58,2,,,
01-12-1969 09:00,35.52,1.91,,,
30-12-1969 09:00,35.23,1.8,,,
02-01-1970 09:00,35.12,1.8,,,
16-01-1970 22:00,34.75,1.8,,,
30-01-1970 09:00,34.98,1.91,,,
02-02-1970 09:00,34.95,1.89,,,
02-03-1970 09:00,35,1.89,,,
31-03-1970 09:00,35.3,1.88,,,
01-04-1970 09:00,35.33,1.88,,,
30-04-1970 09:00,35.85,1.72,,,
01-05-1970 09:00,35.85,1.73,,,
01-06-1970 09:00,35.45,1.65,,,
30-06-1970 09:00,35.51,1.61,,,
01-07-1970 09:00,35.5,1.62,,,
30-07-1970 09:00,35.3,1.77,,,
03-08-1970 09:00,35.3,1.78,,,
01-09-1970 09:00,35.85,1.85,,,
30-09-1970 09:00,36.24,1.7,,,
01-10-1970 09:00,36.42,1.72,,,
30-10-1970 09:00,37.4,1.78,,,
02-11-1970 09:00,37.7,1.8,,,
30-11-1970 09:00,37.6,1.65,,,
01-12-1970 09:00,37.35,1.61,,,
30-12-1970 09:00,37.38,1.64,,,
04-01-1971 09:00,37.33,1.65,,,
01-02-1971 09:00,38.1,1.59,,,
01-03-1971 09:00,38.75,1.6,,,
30-03-1971 09:00,38.75,1.69,,,
01-04-1971 09:00,38.95,1.71,,,
30-04-1971 09:00,39.6,1.69,,,
03-05-1971 09:00,39.42,1.68,,,
01-06-1971 09:00,40.85,1.61,,,
30-06-1971 09:00,40.2,1.58,,,
01-07-1971 09:00,40.1,1.6,,,
30-07-1971 09:00,42.48,1.59,,,
02-08-1971 09:00,42.48,1.58,,,
31-08-1971 09:00,41,1.5,,,
01-09-1971 09:00,40.7,1.48,,,
30-09-1971 09:00,42.48,1.38,,,
01-10-1971 09:00,42.17,1.38,,,
01-11-1971 09:00,42.12,1.29,,,
02-11-1971 09:00,42.12,1.27,,,
30-11-1971 09:00,43.55,1.33,,,
01-12-1971 09:00,43.5,1.32,,,
30-12-1971 09:00,43.5,1.38,,,
03-01-1972 09:00,43.73,1.37,,,
31-01-1972 09:00,46.95,1.5,,,
01-02-1972 09:00,47.49,1.53,,,
01-03-1972 09:00,47.8,1.48,,,
30-03-1972 09:00,48.38,1.56,,,
04-04-1972 09:00,48.4,1.6,,,
01-05-1972 09:00,50.2,1.6,,,
30-05-1972 09:00,58.7,1.57,,,
01-06-1972 09:00,58.8,1.54,,,
30-06-1972 09:00,64.1,1.56,,,
03-07-1972 09:00,64.25,1.56,,,
31-07-1972 09:00,68.9,1.83,,,
01-08-1972 09:00,68.8,1.79,,,
30-08-1972 09:00,66.8,1.9,,,
01-09-1972 09:00,66.8,1.9,,,
02-10-1972 09:00,64.1,1.74,,,
30-10-1972 09:00,64.5,1.82,,,
01-11-1972 09:00,63.8,1.83,,,
30-11-1972 09:00,63.6,1.85,,,
01-12-1972 09:00,63.9,1.87,,,
02-01-1973 09:00,64.99,2.04,,,
30-01-1973 09:00,66.2,1.98,,,
01-02-1973 09:00,66.4,2.03,,,
01-03-1973 09:00,86,2.49,,,
30-03-1973 09:00,90.25,2.2,,,
02-04-1973 09:00,89.25,2.17,,,
30-04-1973 09:00,90.7,2.15,,,
01-05-1973 09:00,90.7,2.15,,,
30-05-1973 09:00,111.5,2.54,,,
01-06-1973 09:00,117,2.61,,,
02-07-1973 09:00,123,2.7,,,
30-07-1973 09:00,114,2.77,,,
01-08-1973 09:00,117,2.92,,,
30-08-1973 09:00,105.75,2.63,,,
03-09-1973 09:00,105.5,2.61,,,
01-10-1973 09:00,98.5,2.71,,,
30-10-1973 09:00,97,2.83,,,
01-11-1973 09:00,97.25,2.84,,,
30-11-1973 09:00,100.25,2.92,,,
03-12-1973 09:00,100,2.92,,,
31-12-1973 09:00,112.25,3.26,,,
02-01-1974 09:00,114.75,3.28,,,
30-01-1974 09:00,135.7,3.91,,,
01-02-1974 09:00,132,4.04,,,
01-03-1974 09:00,172.4,5.73,,,
01-04-1974 09:00,173,5.32,,,
30-04-1974 09:00,168.5,5.62,,,
01-05-1974 09:00,169.9,5.4,,,
30-05-1974 09:00,161,5.08,,,
03-06-1974 09:00,156.5,4.74,,,
01-07-1974 09:00,144.5,4.69,,,
30-07-1974 09:00,160.5,5.03,,,
01-08-1974 09:00,157.5,4.95,,,
30-08-1974 09:00,155.25,4.12,,,
02-09-1974 09:00,158,4.23,,,
30-09-1974 09:00,147.5,4.24,,,
01-10-1974 09:00,153.5,4.43,,,
30-10-1974 09:00,167.9,5.07,,,
01-11-1974 09:00,168.75,4.89,,,
02-12-1974 09:00,185.5,4.61,,,
30-12-1974 09:00,197.5,4.75,,,
02-01-1975 09:00,185,4.44,,,
30-01-1975 09:00,178,4.32,,,
03-02-1975 09:00,177.25,4.13,,,
03-03-1975 09:00,181.6,4.5,,,
01-04-1975 09:00,177.25,4.28,,,
30-04-1975 09:00,167.4,4.43,,,
01-05-1975 09:00,166.25,4.3,,,
30-05-1975 09:00,167.75,4.53,,,
02-06-1975 09:00,163.25,4.43,,,
30-06-1975 09:00,166,4.57,,,
01-07-1975 09:00,167,4.58,,,
30-07-1975 09:00,166.2,5.14,,,
01-08-1975 09:00,166.5,5,,,
01-09-1975 09:00,154.25,4.53,,,
30-09-1975 09:00,138.25,4.44,,,
01-10-1975 09:00,143.75,4.5,,,
30-10-1975 09:00,144,4.24,,,
03-11-1975 09:00,143,4.2,,,
01-12-1975 09:00,138.15,4.12,,,
30-12-1975 09:00,141,4.17,,,
02-01-1976 09:00,140.35,4.16,,,
30-01-1976 09:00,128,4.01,,,
02-02-1976 09:00,128.4,3.99,,,
01-03-1976 09:00,132.45,4.19,,,
30-03-1976 09:00,128.6,4.03,,,
01-04-1976 09:00,129.15,4.12,,,
30-04-1976 09:00,128.15,4.43,,,
03-05-1976 09:00,128.25,4.41,,,
01-06-1976 09:00,126.05,4.68,,,
30-06-1976 09:00,123.8,4.83,,,
01-07-1976 09:00,123.25,4.82,,,
30-07-1976 09:00,112.4,4.54,,,
02-08-1976 09:00,111.5,4.47,,,
31-08-1976 09:00,103.05,4.11,,,
01-09-1976 09:00,104,4.09,,,
30-09-1976 09:00,116.1,4.39,,,
01-10-1976 09:00,116.25,4.36,,,
01-11-1976 09:00,122,4.3,,,
30-11-1976 09:00,130.1,4.28,,,
01-12-1976 09:00,130.5,4.24,,,
30-12-1976 09:00,134.65,4.37,,,
04-01-1977 09:00,136.1,4.43,,,
31-01-1977 09:00,132.1,4.45,,,
01-02-1977 09:00,132.85,4.47,,,
01-03-1977 09:00,142.1,4.72,,,
30-03-1977 09:00,148.9,4.83,,,
01-04-1977 09:00,148.25,4.84,,,
02-05-1977 09:00,147.5,4.77,,,
30-05-1977 09:00,144,4.57,,,
01-06-1977 09:00,143.75,4.58,,,
30-06-1977 09:00,142.95,4.51,,,
01-07-1977 09:00,143.05,4.52,,,
01-08-1977 09:00,144.8,4.51,,,
30-08-1977 09:00,145.65,4.42,,,
01-09-1977 09:00,145.6,4.47,,,
30-09-1977 09:00,153.9,4.64,,,
03-10-1977 09:00,155.1,4.66,,,
31-10-1977 09:00,160.8,4.85,,,
01-11-1977 09:00,162.55,4.88,,,
30-11-1977 09:00,159.8,4.74,,,
01-12-1977 09:00,160.1,4.78,,,
30-12-1977 09:00,165.6,4.76,,,
03-01-1978 09:00,168.6,4.87,,,
30-01-1978 09:00,175.9,4.96,,,
01-02-1978 09:00,176.6,5,,,
01-03-1978 09:00,183.8,5.01,,,
30-03-1978 09:00,179.4,5.29,,,
03-04-1978 09:00,182.75,5.42,,,
02-05-1978 09:00,169.15,4.98,,,
30-05-1978 09:00,181.7,5.36,,,
01-06-1978 09:00,183.25,5.4,,,
30-06-1978 09:00,183.2,5.28,,,
03-07-1978 09:00,183,5.27,,,
31-07-1978 09:00,198.9,5.57,,,
01-08-1978 09:00,207.5,5.72,,,
30-08-1978 09:00,206.6,5.53,,,
01-09-1978 09:00,208.1,5.52,,,
02-10-1978 09:00,217,5.67,,,
30-10-1978 09:00,241.3,6.25,,,
01-11-1978 09:00,238.65,6.13,,,
30-11-1978 09:00,193.7,5.91,,,
01-12-1978 09:00,194.05,5.95,,,
02-01-1979 09:00,227.15,6.08,,,
30-01-1979 09:00,233.65,6.6,,,
01-02-1979 09:00,232.4,6.64,,,
01-03-1979 09:00,249.3,7.62,,,
30-03-1979 09:00,239.65,7.45,,,
02-04-1979 09:00,240.05,7.46,,,
30-04-1979 09:00,243.45,7.65,,,
01-05-1979 09:00,247.7,8.02,,,
30-05-1979 09:00,272.6,8.67,,,
01-06-1979 09:00,276.7,8.63,,,
02-07-1979 09:00,282.2,8.7,,,
30-07-1979 09:00,304.65,9.33,,,
01-08-1979 09:00,290.95,9.1,,,
30-08-1979 09:00,318.65,10.39,,,
03-09-1979 09:00,319.3,10.9,,,
01-10-1979 09:00,399.5,17.09,,,
30-10-1979 09:00,376,16.01,,,
01-11-1979 09:00,379.7,16.32,,,
30-11-1979 09:00,417.2,19,,,
03-12-1979 09:00,428,19.88,,,
31-12-1979 09:00,524,32.2,,,
02-01-1980 09:00,559,39.95,,,
18-01-1980 09:00,559,49.45,,,
30-01-1980 09:00,703.5,37.35,,,
01-02-1980 09:00,675,35.31,,,
03-03-1980 09:00,637,34.75,,,
31-03-1980 09:00,503.25,13.49,,,
01-04-1980 09:00,501.5,16.99,,,
30-04-1980 09:00,519.25,13.83,,,
01-05-1980 09:00,507.75,12,,,
30-05-1980 09:00,531.4,13.7,,,
02-06-1980 09:00,563,14.65,,,
30-06-1980 09:00,662.5,16.75,,,
01-07-1980 09:00,656,17.1,,,
30-07-1980 09:00,636.5,16.28,,,
01-08-1980 09:00,622,15.61,,,
01-09-1980 09:00,626.25,15.99,,,
30-09-1980 09:00,670,20.5,,,
01-10-1980 09:00,679.25,21.75,,,
30-10-1980 09:00,643.5,19.45,,,
03-11-1980 09:00,634.3,18.83,,,
01-12-1980 09:00,635.5,18.9,,,
30-12-1980 09:00,587,15.59,,,
05-01-1981 09:00,592,15.8,,,
30-01-1981 09:00,507.5,13.15,,,
02-02-1981 09:00,493.25,12.86,,,
02-03-1981 09:00,474.5,11.6,,,
30-03-1981 09:00,529.5,12.53,,,
01-04-1981 09:00,516.75,12.03,,,
30-04-1981 09:00,481,11.06,,,
01-05-1981 09:00,484.75,11.13,,,
01-06-1981 09:00,481.25,10.67,,,
30-06-1981 09:00,421.5,8.3,,,
01-07-1981 09:00,421.25,8.45,,,
30-07-1981 09:00,402.25,8.41,,,
03-08-1981 09:00,392.5,8.24,,,
01-09-1981 09:00,422.5,9.15,,,
30-09-1981 09:00,426.5,8.95,,,
01-10-1981 09:00,435.25,9.32,,,
30-10-1981 09:00,429,9.12,,,
02-11-1981 09:00,431,9.17,,,
30-11-1981 09:00,415.5,8.27,,,
01-12-1981 09:00,405,8.07,,,
30-12-1981 09:00,397.25,8.05,,,
04-01-1982 09:00,399,8.06,,,
01-02-1982 09:00,381.25,8.12,,,
01-03-1982 09:00,358.75,7.74,,,
30-03-1982 09:00,325.75,7.08,,,
01-04-1982 09:00,325.5,7.11,,,
30-04-1982 09:00,356.75,7.06,,,
04-05-1982 09:00,343.5,6.9,,,
01-06-1982 09:00,319,6.1,,,
30-06-1982 09:00,314,5.73,,,
01-07-1982 09:00,311.75,5.71,,,
30-07-1982 09:00,342.5,6.64,,,
02-08-1982 09:00,352.12,6.89,,,
31-08-1982 09:00,409.6,7.73,,,
01-09-1982 09:00,404.25,7.69,,,
30-09-1982 09:00,394.75,8.19,,,
01-10-1982 09:00,397.75,8.23,,,
01-11-1982 09:00,426.75,10.18,,,
30-11-1982 09:00,428.25,9.54,,,
01-12-1982 09:00,440,10.14,,,
30-12-1982 09:00,457.25,11.06,,,
04-01-1983 09:00,452.75,11.06,,,
31-01-1983 09:00,503,13.82,,,
01-02-1983 09:00,508.5,14.3,,,
01-03-1983 00:00,508.5,14.3,29.27,,
01-03-1983 09:00,414.5,10.68,29.27,,
30-03-1983 09:00,417.25,10.65,29.27,,
01-04-1983 00:00,417.25,10.65,30.63,,
05-04-1983 09:00,425.75,10.98,30.63,,
01-05-1983 00:00,425.75,10.98,30.25,,
03-05-1983 09:00,431,12.12,30.25,,
31-05-1983 09:00,439,13.54,30.25,,
01-06-1983 00:00,439,13.54,31.38,,
01-06-1983 09:00,416.25,12.74,31.38,,
30-06-1983 09:00,416.75,11.6,31.38,,
01-07-1983 00:00,416.75,11.6,32,,
01-07-1983 09:00,416.75,11.56,32,,
01-08-1983 00:00,416.75,11.56,31.59,,
01-08-1983 09:00,413.25,11.8,31.59,,
30-08-1983 09:00,418.85,12.27,31.59,,
01-09-1983 00:00,418.85,12.27,30.36,,
01-09-1983 09:00,415.8,12.16,30.36,,
30-09-1983 09:00,404,11.24,30.36,,
01-10-1983 00:00,404,11.24,30.37,,
03-10-1983 09:00,393.5,10.4,30.37,,
31-10-1983 09:00,383.5,8.74,30.37,,
01-11-1983 00:00,383.5,8.74,29.23,,
01-11-1983 09:00,376,8.37,29.23,,
30-11-1983 09:00,405.75,9.81,29.23,,
01-12-1983 00:00,405.75,9.81,29.6,,
01-12-1983 09:00,398.5,9.58,29.6,,
30-12-1983 09:00,381.5,8.91,29.6,,
01-01-1984 00:00,381.5,8.91,29.98,,
03-01-1984 09:00,384,8.96,29.98,,
30-01-1984 09:00,369.25,8.28,29.98,,
01-02-1984 00:00,369.25,8.28,30.55,,
01-02-1984 09:00,377.25,8.7,30.55,,
01-03-1984 00:00,377.25,8.7,30.85,,
01-03-1984 09:00,395.25,9.62,30.85,,
30-03-1984 09:00,388.5,9.65,30.85,,
01-04-1984 00:00,388.5,9.65,30.26,,
02-04-1984 09:00,387.25,9.74,30.26,,
30-04-1984 09:00,376.2,8.96,30.26,,
01-05-1984 00:00,376.2,8.96,30.83,,
01-05-1984 09:00,376.4,8.93,30.83,,
30-05-1984 09:00,384.75,9.16,30.83,,
01-06-1984 00:00,384.75,9.16,29.75,,
01-06-1984 09:00,389.4,9.36,29.75,,
01-07-1984 00:00,389.4,9.36,27.6,,
02-07-1984 09:00,370.45,8.3,27.6,,
30-07-1984 09:00,339.15,6.92,27.6,,
01-08-1984 00:00,339.15,6.92,29.23,,
01-08-1984 09:00,337.35,7.02,29.23,,
30-08-1984 09:00,348.75,7.56,29.23,,
01-09-1984 00:00,348.75,7.56,29.66,,
03-09-1984 09:00,346.2,7.32,29.66,,
01-10-1984 00:00,346.2,7.32,28.46,,
01-10-1984 09:00,344.75,7.45,28.46,,
30-10-1984 09:00,335.65,7.2,28.46,,
01-11-1984 00:00,335.65,7.2,27.31,,
01-11-1984 09:00,333.85,7.18,27.31,,
30-11-1984 09:00,328.6,7.05,27.31,,
01-12-1984 00:00,328.6,7.05,26.41,,
03-12-1984 09:00,327.7,7,26.41,,
31-12-1984 09:00,309,6.29,26.41,,
01-01-1985 00:00,309,6.29,26.41,,
02-01-1985 09:00,306.25,6.25,26.41,,
30-01-1985 09:00,303,6.17,26.41,,
01-02-1985 00:00,303,6.17,26.73,,
01-02-1985 09:00,304.8,6.3,26.73,,
01-03-1985 00:00,304.8,6.3,28.29,,
01-03-1985 09:00,288.1,5.6,28.29,,
01-04-1985 00:00,288.1,5.6,27.63,,
01-04-1985 09:00,324.65,6.52,27.63,,
30-04-1985 09:00,324.65,6.32,27.63,,
01-05-1985 00:00,324.65,6.32,27.84,,
01-05-1985 09:00,315.6,6.15,27.84,,
30-05-1985 09:00,315,6.16,27.84,,
01-06-1985 00:00,315,6.16,26.87,,
03-06-1985 09:00,316.85,6.21,26.87,,
01-07-1985 00:00,316.85,6.21,27.12,,
01-07-1985 09:00,315.35,6.1,27.12,,
30-07-1985 09:00,323.25,6.26,27.12,,
01-08-1985 00:00,323.25,6.26,28.08,,
01-08-1985 09:00,326.75,6.25,28.08,,
30-08-1985 09:00,335.75,6.25,28.08,,
01-09-1985 00:00,335.75,6.25,29.08,,
02-09-1985 09:00,335.45,6.22,29.08,,
30-09-1985 09:00,326.5,6.05,29.08,,
01-10-1985 00:00,326.5,6.05,30.38,,
01-10-1985 09:00,323.15,6,30.38,,
30-10-1985 09:00,326.8,6.14,30.38,,
01-11-1985 00:00,326.8,6.14,29.75,,
01-11-1985 09:00,324.65,6.07,29.75,,
01-12-1985 00:00,324.65,6.07,26.3,,
02-12-1985 09:00,323.95,6.1,26.3,,
30-12-1985 09:00,326.15,5.87,26.3,,
01-01-1986 00:00,326.15,5.87,18.83,,
02-01-1986 09:00,327.1,5.81,18.83,,
30-01-1986 09:00,355.4,6.17,18.83,,
01-02-1986 00:00,355.4,6.17,13.26,,
03-02-1986 09:00,347.35,6.04,13.26,,
01-03-1986 00:00,347.35,6.04,10.42,,
03-03-1986 09:00,339.45,5.65,10.42,,
01-04-1986 00:00,339.45,5.65,13.34,,
01-04-1986 09:00,333.7,5.18,13.34,,
30-04-1986 09:00,344.75,5.11,13.34,,
01-05-1986 00:00,344.75,5.11,14.3,,
01-05-1986 09:00,345.6,5.11,14.3,,
30-05-1986 09:00,343.35,5.2,14.3,,
01-06-1986 00:00,343.35,5.2,12.78,,
02-06-1986 09:00,343,5.2,12.78,,
30-06-1986 09:00,345.5,5.04,12.78,,
01-07-1986 00:00,345.5,5.04,11.15,,
01-07-1986 09:00,345.65,5.1,11.15,,
30-07-1986 09:00,351.35,4.98,11.15,,
01-08-1986 00:00,351.35,4.98,15.9,,
01-08-1986 09:00,360.5,5.05,15.9,,
01-09-1986 00:00,360.5,5.05,14.77,,
01-09-1986 09:00,392,5.2,14.77,,
30-09-1986 09:00,421.2,5.52,14.77,,
01-10-1986 00:00,421.2,5.52,15.27,,
01-10-1986 09:00,425.5,5.57,15.27,,
30-10-1986 09:00,404,5.6,15.27,,
01-11-1986 00:00,404,5.6,15,,
03-11-1986 09:00,400.3,5.62,15,,
01-12-1986 00:00,400.3,5.62,17.94,,
01-12-1986 09:00,399.6,5.5,17.94,,
30-12-1986 09:00,389.4,5.28,17.94,,
01-01-1987 00:00,389.4,5.28,18.75,,
02-01-1987 09:00,402.4,5.36,18.75,,
30-01-1987 09:00,407.3,5.55,18.75,,
01-02-1987 00:00,407.3,5.55,16.6,,
02-02-1987 09:00,406.45,5.53,16.6,,
01-03-1987 00:00,406.45,5.53,18.83,,
02-03-1987 09:00,404.4,5.43,18.83,,
30-03-1987 09:00,421.8,6.23,18.83,,
01-04-1987 00:00,421.8,6.23,18.73,,
01-04-1987 09:00,418.5,6.26,18.73,,
30-04-1987 09:00,454.5,8.12,18.73,,
01-05-1987 00:00,454.5,8.12,19.38,,
01-05-1987 09:00,452.15,7.94,19.38,,
01-06-1987 00:00,452.15,7.94,20.29,,
01-06-1987 09:00,443.4,7.34,20.29,,
30-06-1987 09:00,447.1,7.14,20.29,,
01-07-1987 00:00,447.1,7.14,21.37,,
01-07-1987 09:00,449.5,7.3,21.37,,
30-07-1987 09:00,457.2,8.01,21.37,,
01-08-1987 00:00,457.2,8.01,19.73,,
03-08-1987 09:00,473.25,8.6,19.73,,
01-09-1987 00:00,473.25,8.6,19.59,,
01-09-1987 09:00,453.1,7.45,19.59,,
30-09-1987 09:00,459.15,7.64,19.59,,
01-10-1987 00:00,459.15,7.64,19.96,,
01-10-1987 09:00,454.1,7.55,19.96,,
30-10-1987 09:00,468,6.88,19.96,,
01-11-1987 00:00,468,6.88,18.51,,
02-11-1987 09:00,469.95,7,18.51,,
30-11-1987 09:00,493.9,7.25,18.51,,
01-12-1987 00:00,493.9,7.25,16.7,,
01-12-1987 09:00,486.9,6.99,16.7,,
30-12-1987 09:00,486.9,6.7,16.7,,
01-01-1988 00:00,486.9,6.7,16.94,,
04-01-1988 09:00,484.1,6.64,16.94,,
01-02-1988 00:00,484.1,6.64,16.01,,
01-02-1988 09:00,454.65,6.54,16.01,,
01-03-1988 00:00,454.65,6.54,17.08,,
01-03-1988 09:00,429.15,6.21,17.08,,
30-03-1988 09:00,454,6.69,17.08,,
01-04-1988 00:00,454,6.69,17.99,,
05-04-1988 09:00,456,6.73,17.99,,
01-05-1988 00:00,456,6.73,17.51,,
03-05-1988 09:00,444.3,6.36,17.51,,
31-05-1988 09:00,454,6.6,17.51,,
01-06-1988 00:00,454,6.6,15.16,,
01-06-1988 09:00,457,6.71,15.16,,
30-06-1988 09:00,436.85,6.65,15.16,,
01-07-1988 00:00,436.85,6.65,16.31,,
01-07-1988 09:00,436.5,6.69,16.31,,
01-08-1988 00:00,436.5,6.69,15.18,,
01-08-1988 09:00,436.4,6.86,15.18,,
30-08-1988 09:00,429.4,6.51,15.18,,
01-09-1988 00:00,429.4,6.51,13.37,,
01-09-1988 09:00,430.3,6.55,13.37,,
30-09-1988 09:00,396.15,6.17,13.37,,
01-10-1988 00:00,396.15,6.17,13.58,,
03-10-1988 09:00,394.2,6.12,13.58,,
31-10-1988 09:00,412.3,6.31,13.58,,
01-11-1988 00:00,412.3,6.31,15.32,,
01-11-1988 09:00,411,6.28,15.32,,
30-11-1988 09:00,421.3,6.07,15.32,,
01-12-1988 00:00,421.3,6.07,17.24,,
01-12-1988 09:00,425.5,6.16,17.24,,
30-12-1988 09:00,410.15,6.05,17.24,,
01-01-1989 00:00,410.15,6.05,17.03,,
03-01-1989 09:00,413.6,6.07,17.03,,
30-01-1989 09:00,394.3,5.87,17.03,,
01-02-1989 00:00,394.3,5.87,18.15,,
01-02-1989 09:00,392,5.82,18.15,,
01-03-1989 00:00,392,5.82,20.19,,
01-03-1989 09:00,386.1,5.84,20.19,,
30-03-1989 09:00,384,5.82,20.19,,
01-04-1989 00:00,384,5.82,20.42,,
03-04-1989 09:00,385.3,5.79,20.42,,
01-05-1989 00:00,385.3,5.79,19.9,,
02-05-1989 09:00,376.9,5.65,19.9,,
30-05-1989 09:00,362.1,5.22,19.9,,
01-06-1989 00:00,362.1,5.22,20.27,,
01-06-1989 09:00,360.8,5.16,20.27,,
30-06-1989 09:00,371.15,5.17,20.27,,
01-07-1989 00:00,371.15,5.17,18.31,,
03-07-1989 09:00,375.4,5.19,18.31,,
31-07-1989 09:00,369.1,5.15,18.31,,
01-08-1989 00:00,369.1,5.15,18.83,,
01-08-1989 09:00,369.95,5.25,18.83,,
30-08-1989 09:00,361.2,5.13,18.83,,
01-09-1989 00:00,361.2,5.13,20.13,,
01-09-1989 09:00,358.25,5.05,20.13,,
01-10-1989 00:00,358.25,5.05,19.94,,
02-10-1989 09:00,366.45,5.23,19.94,,
30-10-1989 09:00,378.5,5.25,19.94,,
01-11-1989 00:00,378.5,5.25,19.89,,
01-11-1989 09:00,373.6,5.17,19.89,,
30-11-1989 09:00,406.8,5.57,19.89,,
01-12-1989 00:00,406.8,5.57,21.82,,
01-12-1989 09:00,414.15,5.71,21.82,,
01-01-1990 00:00,414.15,5.71,22.68,,
02-01-1990 09:00,401.65,5.21,22.68,,
30-01-1990 09:00,417.8,5.2,22.68,,
01-02-1990 00:00,417.8,5.2,21.54,,
01-02-1990 09:00,413.25,5.21,21.54,,
01-03-1990 00:00,413.25,5.21,20.28,,
01-03-1990 09:00,406.25,5.14,20.28,,
30-03-1990 09:00,372.2,4.97,20.28,,
01-04-1990 00:00,372.2,4.97,18.54,,
02-04-1990 09:00,368,4.94,18.54,,
30-04-1990 09:00,371.55,4.94,18.54,,
01-05-1990 00:00,371.55,4.94,17.4,,
01-05-1990 09:00,368.95,4.95,17.4,,
30-05-1990 09:00,365.7,5.13,17.4,,
01-06-1990 00:00,365.7,5.13,17.07,,
01-06-1990 09:00,363.1,5.07,17.07,,
01-07-1990 00:00,363.1,5.07,20.69,,
02-07-1990 09:00,357.1,4.91,20.69,,
30-07-1990 09:00,367.8,4.83,20.69,,
01-08-1990 00:00,367.8,4.83,27.32,,
01-08-1990 09:00,371.1,4.81,27.32,,
30-08-1990 09:00,385.8,4.84,27.32,,
01-09-1990 00:00,385.8,4.84,39.51,,
03-09-1990 09:00,387.5,4.85,39.51,,
01-10-1990 00:00,387.5,4.85,35.23,,
01-10-1990 09:00,400,4.79,35.23,,
30-10-1990 09:00,373.35,4.14,35.23,,
01-11-1990 00:00,373.35,4.14,28.85,,
01-11-1990 09:00,380.1,4.18,28.85,,
30-11-1990 09:00,384.8,4.09,28.85,,
01-12-1990 00:00,384.8,4.09,28.44,,
03-12-1990 09:00,381.75,4.13,28.44,,
31-12-1990 09:00,391,4.19,28.44,,
01-01-1991 00:00,391,4.19,21.54,,
02-01-1991 09:00,392.5,4.16,21.54,,
30-01-1991 09:00,369.75,3.81,21.54,,
01-02-1991 00:00,369.75,3.81,19.16,,
01-02-1991 09:00,367.95,3.88,19.16,,
01-03-1991 00:00,367.95,3.88,19.63,,
01-03-1991 09:00,367.45,3.76,19.63,,
01-04-1991 00:00,367.45,3.76,20.96,,
02-04-1991 09:00,357.9,3.94,20.96,,
30-04-1991 09:00,353.45,3.93,20.96,,
01-05-1991 00:00,353.45,3.93,21.13,,
01-05-1991 09:00,356.25,3.97,21.13,,
30-05-1991 09:00,360.8,4.12,21.13,,
01-06-1991 00:00,360.8,4.12,20.56,,
03-06-1991 09:00,361.5,4.16,20.56,,
01-07-1991 00:00,361.5,4.16,21.68,,
01-07-1991 09:00,368.65,4.45,21.68,,
30-07-1991 09:00,362.3,4.05,21.68,,
01-08-1991 00:00,362.3,4.05,22.26,,
01-08-1991 09:00,364.3,4.05,22.26,,
30-08-1991 09:00,347,3.82,22.26,,
01-09-1991 00:00,347,3.82,22.23,,
02-09-1991 09:00,347.6,3.83,22.23,,
30-09-1991 09:00,350.5,4.14,22.23,,
01-10-1991 00:00,350.5,4.14,23.37,,
01-10-1991 09:00,353,4.15,23.37,,
30-10-1991 09:00,359.8,4.11,23.37,,
01-11-1991 00:00,359.8,4.11,21.48,,
01-11-1991 09:00,357.5,4.1,21.48,,
01-12-1991 00:00,357.5,4.1,19.12,,
02-12-1991 09:00,368.25,4.09,19.12,,
30-12-1991 09:00,353.3,3.86,19.12,,
01-01-1992 00:00,353.3,3.86,18.9,,
02-01-1992 09:00,351.2,3.87,18.9,,
30-01-1992 09:00,356.5,4.24,18.9,,
01-02-1992 00:00,356.5,4.24,18.68,,
03-02-1992 09:00,357.1,4.18,18.68,,
01-03-1992 00:00,357.1,4.18,19.44,,
02-03-1992 09:00,350.55,4.1,19.44,,
30-03-1992 09:00,342.75,4.15,19.44,,
01-04-1992 00:00,342.75,4.15,20.85,,
01-04-1992 09:00,343.75,4.15,20.85,,
30-04-1992 09:00,336.25,3.98,20.85,,
01-05-1992 00:00,336.25,3.98,22.11,,
01-05-1992 09:00,337.1,4.01,22.11,,
01-06-1992 00:00,337.1,4.01,21.6,,
01-06-1992 09:00,336.8,4.03,21.6,,
30-06-1992 09:00,343.4,4.03,21.6,,
01-07-1992 00:00,343.4,4.03,21.87,,
01-07-1992 09:00,343.6,4.05,21.87,,
30-07-1992 09:00,356.75,3.92,21.87,,
01-08-1992 00:00,356.75,3.92,21.48,,
03-08-1992 09:00,357.3,3.94,21.48,,
01-09-1992 00:00,357.3,3.94,21.71,,
01-09-1992 09:00,342.65,3.75,21.71,,
30-09-1992 09:00,349,3.77,21.71,,
01-10-1992 00:00,349,3.77,20.62,,
01-10-1992 09:00,347.6,3.75,20.62,,
30-10-1992 09:00,338.8,3.76,20.62,,
01-11-1992 00:00,338.8,3.76,19.89,,
02-11-1992 09:00,339.3,3.76,19.89,,
30-11-1992 09:00,333.7,3.73,19.89,,
01-12-1992 00:00,333.7,3.73,19.5,,
01-12-1992 09:00,334.6,3.76,19.5,,
30-12-1992 09:00,332.3,3.66,19.5,,
01-01-1993 00:00,332.3,3.66,20.26,,
04-01-1993 09:00,329.4,3.66,20.26,,
01-02-1993 00:00,329.4,3.66,20.6,,
01-02-1993 09:00,329.5,3.66,20.6,,
01-03-1993 00:00,329.5,3.66,20.44,,
01-03-1993 09:00,328.4,3.58,20.44,,
30-03-1993 09:00,333.2,3.78,20.44,,
01-04-1993 00:00,333.2,3.78,20.53,,
01-04-1993 09:00,337,3.86,20.53,,
30-04-1993 09:00,353.45,4.3,20.53,,
01-05-1993 00:00,353.45,4.3,20.02,,
04-05-1993 09:00,353.4,4.27,20.02,,
01-06-1993 00:00,353.4,4.27,18.85,,
01-06-1993 09:00,378.25,4.62,18.85,,
30-06-1993 09:00,379,4.58,18.85,,
01-07-1993 00:00,379,4.58,17.88,,
01-07-1993 09:00,377.85,4.55,17.88,,
30-07-1993 09:00,403.7,5.3,17.88,,
01-08-1993 00:00,403.7,5.3,18.29,,
02-08-1993 09:00,406.7,5.42,18.29,,
31-08-1993 09:00,370.6,4.84,18.29,,
01-09-1993 00:00,370.6,4.84,18.79,,
01-09-1993 09:00,371.8,4.83,18.79,,
30-09-1993 09:00,352.65,4.03,18.79,,
01-10-1993 00:00,352.65,4.03,16.92,,
01-10-1993 09:00,353.9,4.06,16.92,,
01-11-1993 00:00,353.9,4.06,15.43,,
01-11-1993 09:00,367.95,4.28,15.43,,
30-11-1993 09:00,370.8,4.47,15.43,,
01-12-1993 00:00,370.8,4.47,14.17,,
01-12-1993 09:00,370.1,4.43,14.17,,
30-12-1993 09:00,391.5,5.11,14.17,,
01-01-1994 00:00,391.5,5.11,15.19,,
04-01-1994 09:00,395,5.28,15.19,,
31-01-1994 09:00,378.2,5.06,15.19,,
01-02-1994 00:00,378.2,5.06,14.48,,
01-02-1994 09:00,382.1,5.12,14.48,,
01-03-1994 00:00,382.1,5.12,14.79,,
01-03-1994 09:00,381.1,5.33,14.79,,
30-03-1994 09:00,386.75,5.61,14.79,,
01-04-1994 00:00,386.75,5.61,16.9,,
05-04-1994 09:00,387.4,5.64,16.9,,
01-05-1994 00:00,387.4,5.64,18.31,,
03-05-1994 09:00,375.7,5.29,18.31,,
31-05-1994 09:00,386.25,5.5,18.31,,
01-06-1994 00:00,386.25,5.5,19.37,,
01-06-1994 09:00,387.25,5.54,19.37,,
30-06-1994 09:00,385.4,5.25,19.37,,
01-07-1994 00:00,385.4,5.25,19.77,,
01-07-1994 09:00,386.8,5.36,19.77,,
01-08-1994 00:00,386.8,5.36,17.56,,
01-08-1994 09:00,384,5.33,17.56,,
30-08-1994 09:00,386.15,5.38,17.56,,
01-09-1994 00:00,386.15,5.38,18.39,,
01-09-1994 09:00,386,5.4,18.39,,
30-09-1994 09:00,395.35,5.62,18.39,,
01-10-1994 00:00,395.35,5.62,18.19,,
03-10-1994 09:00,393.45,5.52,18.19,,
31-10-1994 09:00,387.4,5.34,18.19,,
01-11-1994 00:00,387.4,5.34,18.05,,
01-11-1994 09:00,383.45,5.22,18.05,,
30-11-1994 09:00,383.35,5.08,18.05,,
01-12-1994 00:00,383.35,5.08,17.76,,
01-12-1994 09:00,381.2,4.92,17.76,,
30-12-1994 09:00,382.5,4.85,17.76,,
01-01-1995 00:00,382.5,4.85,18.39,,
03-01-1995 09:00,381.4,4.84,18.39,,
30-01-1995 09:00,375.9,4.68,18.39,,
01-02-1995 00:00,375.9,4.68,18.49,,
01-02-1995 09:00,376.25,4.68,18.49,,
01-03-1995 00:00,376.25,4.68,19.17,,
01-03-1995 09:00,376.3,4.47,19.17,,
30-03-1995 09:00,382.1,4.76,19.17,,
01-04-1995 00:00,382.1,4.76,20.38,,
03-04-1995 09:00,392.25,5.3,20.38,,
01-05-1995 00:00,392.25,5.3,18.89,,
01-05-1995 09:00,386.5,5.7,18.89,,
30-05-1995 09:00,386.1,5.46,18.89,,
01-06-1995 00:00,386.1,5.46,17.4,,
01-06-1995 09:00,383.2,5.26,17.4,,
30-06-1995 09:00,387.6,5.33,17.4,,
01-07-1995 00:00,387.6,5.33,17.56,,
03-07-1995 09:00,384.35,5.08,17.56,,
31-07-1995 09:00,383.35,5.1,17.56,,
01-08-1995 00:00,383.35,5.1,17.84,,
01-08-1995 09:00,381.75,5.03,17.84,,
30-08-1995 09:00,381.9,5.46,17.84,,
01-09-1995 00:00,381.9,5.46,17.54,,
01-09-1995 09:00,381.8,5.34,17.54,,
01-10-1995 00:00,381.8,5.34,17.64,,
02-10-1995 09:00,383.1,5.42,17.64,,
30-10-1995 09:00,382.05,5.33,17.64,,
01-11-1995 00:00,382.05,5.33,18.18,,
01-11-1995 09:00,382.5,5.33,18.18,,
30-11-1995 09:00,387.85,5.18,18.18,,
01-12-1995 00:00,387.85,5.18,19.55,,
01-12-1995 09:00,387.15,5.22,19.55,,
01-01-1996 00:00,387.15,5.22,17.74,,
02-01-1996 09:00,387.1,5.16,17.74,,
30-01-1996 09:00,406.7,5.58,17.74,,
01-02-1996 00:00,406.7,5.58,19.54,,
01-02-1996 09:00,406.6,5.6,19.54,,
01-03-1996 00:00,406.6,5.6,21.47,,
01-03-1996 09:00,400.3,5.52,21.47,,
01-04-1996 00:00,400.3,5.52,21.2,,
01-04-1996 09:00,395,5.52,21.2,,
30-04-1996 09:00,390.15,5.28,21.2,,
01-05-1996 00:00,390.15,5.28,19.76,,
01-05-1996 09:00,391,5.32,19.76,,
30-05-1996 09:00,391.55,5.34,19.76,,
01-06-1996 00:00,391.55,5.34,20.92,,
03-06-1996 09:00,390.8,5.38,20.92,,
01-07-1996 00:00,390.8,5.38,20.42,,
01-07-1996 09:00,380.6,5.05,20.42,,
30-07-1996 09:00,384.9,5.07,20.42,,
01-08-1996 00:00,384.9,5.07,22.25,,
01-08-1996 09:00,386.65,5.15,22.25,,
30-08-1996 09:00,387.25,5.2,22.25,,
01-09-1996 00:00,387.25,5.2,24.38,,
02-09-1996 09:00,386.9,5.18,24.38,,
30-09-1996 09:00,379.3,4.88,24.38,,
01-10-1996 00:00,379.3,4.88,23.35,,
01-10-1996 09:00,377.05,4.85,23.35,,
30-10-1996 09:00,380.3,4.83,23.35,,
01-11-1996 00:00,380.3,4.83,23.75,,
01-11-1996 09:00,377.2,4.8,23.75,,
01-12-1996 00:00,377.2,4.8,25.92,,
02-12-1996 09:00,370.5,4.73,25.92,,
30-12-1996 09:00,369.6,4.88,25.92,,
01-01-1997 00:00,369.6,4.88,24.15,,
02-01-1997 09:00,367.8,4.77,24.15,,
30-01-1997 09:00,349.3,4.88,24.15,,
01-02-1997 00:00,349.3,4.88,20.3,,
03-02-1997 09:00,343.75,4.88,20.3,,
01-03-1997 00:00,343.75,4.88,20.41,,
03-03-1997 09:00,361.8,5.31,20.41,,
01-04-1997 00:00,361.8,5.31,20.21,,
01-04-1997 09:00,349.85,5.04,20.21,,
30-04-1997 09:00,340.45,4.66,20.21,,
01-05-1997 00:00,340.45,4.66,20.88,,
01-05-1997 09:00,339.55,4.68,20.88,,
30-05-1997 09:00,345.75,4.86,20.88,,
01-06-1997 00:00,345.75,4.86,19.8,,
02-06-1997 09:00,344,4.73,19.8,,
30-06-1997 09:00,334.05,4.72,19.8,,
01-07-1997 00:00,334.05,4.72,20.14,,
01-07-1997 09:00,333.6,4.64,20.14,,
30-07-1997 09:00,326.4,4.36,20.14,,
01-08-1997 00:00,326.4,4.36,19.61,,
01-08-1997 09:00,325.3,4.47,19.61,,
01-09-1997 00:00,325.3,4.47,21.18,,
01-09-1997 09:00,324.4,4.66,21.18,,
30-09-1997 09:00,328.75,5.17,21.18,,
01-10-1997 00:00,328.75,5.17,21.08,,
01-10-1997 09:00,336.8,5.18,21.08,,
30-10-1997 09:00,314,4.81,21.08,,
01-11-1997 00:00,314,4.81,19.15,,
03-11-1997 09:00,313.5,4.78,19.15,,
01-12-1997 00:00,313.5,4.78,17.64,,
01-12-1997 09:00,293.35,5.24,17.64,,
30-12-1997 09:00,290.9,6.2,17.64,,
01-01-1998 00:00,290.9,6.2,17.21,,
02-01-1998 09:00,287.7,5.94,17.21,,
30-01-1998 09:00,301.8,6.05,17.21,,
01-02-1998 00:00,301.8,6.05,15.44,,
02-02-1998 09:00,302,6.25,15.44,,
01-03-1998 00:00,302,6.25,15.61,,
02-03-1998 09:00,299.75,6.6,15.61,,
30-03-1998 09:00,302.2,6.35,15.61,,
01-04-1998 00:00,302.2,6.35,15.39,,
01-04-1998 09:00,301.6,6.46,15.39,,
30-04-1998 09:00,310.7,6.22,15.39,,
01-05-1998 00:00,310.7,6.22,15.2,,
01-05-1998 09:00,306.1,6.17,15.2,,
01-06-1998 00:00,306.1,6.17,14.18,,
01-06-1998 09:00,292.35,5.14,14.18,,
30-06-1998 09:00,295.75,5.36,14.18,,
01-07-1998 00:00,295.75,5.36,14.21,,
01-07-1998 09:00,297.1,5.52,14.21,,
30-07-1998 09:00,289.15,5.54,14.21,,
01-08-1998 00:00,289.15,5.54,13.34,,
03-08-1998 09:00,286.65,5.41,13.34,,
01-09-1998 00:00,286.65,5.41,16.14,,
01-09-1998 09:00,277.7,4.73,16.14,,
30-09-1998 09:00,294.1,5.38,16.14,,
01-10-1998 00:00,294.1,5.38,14.42,,
01-10-1998 09:00,299,5.36,14.42,,
30-10-1998 09:00,293.1,5.06,14.42,,
01-11-1998 00:00,293.1,5.06,11.22,,
02-11-1998 09:00,292.75,5.04,11.22,,
30-11-1998 09:00,295.75,4.92,11.22,,
01-12-1998 00:00,295.75,4.92,12.05,,
01-12-1998 09:00,293.35,4.88,12.05,,
30-12-1998 09:00,286.8,5.03,12.05,,
01-01-1999 00:00,286.8,5.03,12.75,,
04-01-1999 09:00,288.25,5,12.75,,
01-02-1999 00:00,288.25,5,12.27,,
01-02-1999 09:00,287.1,5.28,12.27,,
01-03-1999 00:00,287.1,5.28,16.76,,
01-03-1999 09:00,287.05,5.62,16.76,,
30-03-1999 09:00,280.05,5.12,16.76,,
01-04-1999 00:00,280.05,5.12,18.66,,
01-04-1999 09:00,280.5,5.01,18.66,,
30-04-1999 09:00,285.85,5.44,18.66,,
01-05-1999 00:00,285.85,5.44,16.84,,
04-05-1999 09:00,285.6,5.32,16.84,,
01-06-1999 00:00,285.6,5.32,19.29,,
01-06-1999 09:00,265.5,4.88,19.29,,
30-06-1999 09:00,261.2,5.22,19.29,,
01-07-1999 00:00,261.2,5.22,20.53,,
01-07-1999 09:00,263,5.31,20.53,,
30-07-1999 09:00,256.75,5.45,20.53,,
01-08-1999 00:00,256.75,5.45,22.11,,
02-08-1999 09:00,255.35,5.36,22.11,,
05-08-1999 22:00,255.35,5.36,22.11,,
31-08-1999 09:00,254.6,5.08,22.11,,
01-09-1999 00:00,254.6,5.08,24.51,,
01-09-1999 09:00,255.45,5.2,24.51,,
30-09-1999 09:00,303.75,5.58,24.51,,
01-10-1999 00:00,303.75,5.58,21.75,,
01-10-1999 09:00,303,5.67,21.75,,
01-11-1999 00:00,303,5.67,24.59,,
01-11-1999 09:00,293.85,5.2,24.59,,
30-11-1999 09:00,292,5.18,24.59,,
01-12-1999 00:00,292,5.18,25.6,,
01-12-1999 09:00,291.4,5.19,25.6,,
30-12-1999 09:00,290.85,5.33,25.6,,
01-01-2000 00:00,290.85,5.33,27.64,,
04-01-2000 09:00,282.05,5.3,27.64,,
31-01-2000 09:00,283.05,5.26,27.64,,
01-02-2000 00:00,283.05,5.26,30.43,,
01-02-2000 09:00,283.65,5.24,30.43,,
01-03-2000 00:00,283.65,5.24,26.9,,
01-03-2000 09:00,293.75,5.12,26.9,,
30-03-2000 09:00,276.7,4.94,26.9,,
01-04-2000 00:00,276.7,4.94,25.74,,
03-04-2000 09:00,278.8,5.04,25.74,,
01-05-2000 00:00,278.8,5.04,29.01,,
02-05-2000 09:00,275,5,29.01,,
30-05-2000 09:00,274.4,4.94,29.01,,
01-06-2000 00:00,274.4,4.94,32.5,,
01-06-2000 09:00,272.8,4.89,32.5,,
30-06-2000 09:00,289.15,5.02,32.5,,
01-07-2000 00:00,289.15,5.02,27.43,,
03-07-2000 09:00,288.05,5,27.43,,
31-07-2000 09:00,277.4,4.95,27.43,,
01-08-2000 00:00,277.4,4.95,33.12,,
01-08-2000 09:00,277.3,4.98,33.12,,
30-08-2000 09:00,272.6,4.89,33.12,,
01-09-2000 00:00,272.6,4.89,30.84,,
01-09-2000 09:00,276.6,4.94,30.84,,
01-10-2000 00:00,276.6,4.94,32.7,,
02-10-2000 09:00,274.3,4.88,32.7,,
30-10-2000 09:00,265.65,4.76,32.7,,
01-11-2000 00:00,265.65,4.76,33.82,,
01-11-2000 09:00,266,4.75,33.82,,
30-11-2000 09:00,267,4.63,33.82,,
01-12-2000 00:00,267,4.63,26.8,,
01-12-2000 09:00,271.2,4.68,26.8,,
01-01-2001 00:00,271.2,4.68,28.66,,
02-01-2001 09:00,272.8,4.59,28.66,,
30-01-2001 09:00,263.4,4.8,28.66,,
01-02-2001 00:00,263.4,4.8,27.39,,
01-02-2001 09:00,266.85,4.8,27.39,,
01-03-2001 00:00,266.85,4.8,26.29,,
01-03-2001 09:00,266.7,4.51,26.29,,
30-03-2001 09:00,259.05,4.33,26.29,,
01-04-2001 00:00,259.05,4.33,28.46,,
02-04-2001 09:00,257.55,4.3,28.46,,
30-04-2001 09:00,263.45,4.36,28.46,,
01-05-2001 00:00,263.45,4.36,28.37,,
01-05-2001 09:00,263.8,4.34,28.37,,
30-05-2001 09:00,273.65,4.51,28.37,,
01-06-2001 00:00,273.65,4.51,26.25,,
01-06-2001 09:00,265.65,4.39,26.25,,
01-07-2001 00:00,265.65,4.39,26.35,,
02-07-2001 09:00,269.1,4.3,26.35,,
30-07-2001 09:00,266.4,4.22,26.35,,
01-08-2001 00:00,266.4,4.22,27.2,,
01-08-2001 09:00,267.7,4.24,27.2,,
30-08-2001 09:00,273.4,4.2,27.2,,
01-09-2001 00:00,273.4,4.2,23.43,,
03-09-2001 09:00,273.55,4.2,23.43,,
01-10-2001 00:00,273.55,4.2,21.18,,
01-10-2001 09:00,291.65,4.58,21.18,,
30-10-2001 09:00,280.2,4.29,21.18,,
01-11-2001 00:00,280.2,4.29,19.44,,
01-11-2001 09:00,279.45,4.24,19.44,,
30-11-2001 09:00,274.7,4.14,19.44,,
01-12-2001 00:00,274.7,4.14,19.84,,
03-12-2001 09:00,275.25,4.18,19.84,,
31-12-2001 09:00,276.5,4.52,19.84,,
01-01-2002 00:00,276.5,4.52,19.48,,
02-01-2002 09:00,278.1,4.59,19.48,,
30-01-2002 09:00,280.95,4.3,19.48,,
01-02-2002 00:00,280.95,4.3,21.74,,
01-02-2002 09:00,282,4.25,21.74,,
01-03-2002 00:00,282,4.25,26.31,,
01-03-2002 09:00,295.8,4.5,26.31,,
01-04-2002 00:00,295.8,4.5,27.29,,
02-04-2002 09:00,302.65,4.66,27.29,,
30-04-2002 09:00,309.35,4.6,27.29,,
01-05-2002 00:00,309.35,4.6,25.31,,
01-05-2002 09:00,308.3,4.54,25.31,,
30-05-2002 09:00,324.65,4.9,25.31,,
01-06-2002 00:00,324.65,4.9,26.86,,
05-06-2002 09:00,324.5,5.05,26.86,,
01-07-2002 00:00,324.5,5.05,27.02,,
01-07-2002 09:00,312.3,4.8,27.02,,
30-07-2002 09:00,304.45,4.66,27.02,,
01-08-2002 00:00,304.45,4.66,28.98,,
01-08-2002 09:00,300.65,4.54,28.98,,
30-08-2002 09:00,312.4,4.57,28.98,,
01-09-2002 00:00,312.4,4.57,30.45,,
02-09-2002 09:00,312.25,4.47,30.45,,
30-09-2002 09:00,322.4,4.53,30.45,,
01-10-2002 00:00,322.4,4.53,27.22,,
01-10-2002 09:00,322.6,4.52,27.22,,
30-10-2002 09:00,316.8,4.48,27.22,,
01-11-2002 00:00,316.8,4.48,26.89,,
01-11-2002 09:00,318.75,4.54,26.89,,
01-12-2002 00:00,318.75,4.54,31.2,,
02-12-2002 09:00,317.3,4.43,31.2,,
30-12-2002 09:00,348.5,4.72,31.2,,
01-01-2003 00:00,348.5,4.72,33.51,,
02-01-2003 09:00,342.2,4.74,33.51,,
30-01-2003 09:00,363,4.78,33.51,,
01-02-2003 00:00,363,4.78,36.6,,
03-02-2003 09:00,369,4.84,36.6,,
01-03-2003 00:00,369,4.84,31.04,,
03-03-2003 09:00,348.45,4.61,31.04,,
31-03-2003 09:00,335.35,4.46,31.04,,
01-04-2003 00:00,335.35,4.46,25.8,,
01-04-2003 09:00,335.65,4.44,25.8,,
30-04-2003 09:00,336,4.61,25.8,,
01-05-2003 00:00,336,4.61,29.56,,
01-05-2003 09:00,338.95,4.66,29.56,,
30-05-2003 09:00,365.8,4.56,29.56,,
01-06-2003 00:00,365.8,4.56,30.19,,
02-06-2003 09:00,361.3,4.5,30.19,,
11-06-2003 09:00,361.3,4.5,30.19,,
30-06-2003 09:00,345.15,4.5,30.19,,
01-07-2003 00:00,345.15,4.5,30.54,,
01-07-2003 09:00,348.55,4.56,30.54,,
30-07-2003 09:00,359.1,5.1,30.54,,
01-08-2003 00:00,359.1,5.1,31.57,,
01-08-2003 09:00,353.05,5.12,31.57,,
01-09-2003 00:00,353.05,5.12,29.2,,
01-09-2003 09:00,376.35,5.16,29.2,,
30-09-2003 09:00,384.5,5.12,29.2,,
01-10-2003 00:00,384.5,5.12,29.11,,
01-10-2003 09:00,385,5.12,29.11,,
30-10-2003 09:00,391,5.18,29.11,,
01-11-2003 00:00,391,5.18,30.41,,
03-11-2003 09:00,383.25,5.06,30.41,,
01-12-2003 00:00,383.25,5.06,32.52,,
01-12-2003 09:00,398.75,5.36,32.52,,
30-12-2003 09:00,415.6,5.91,32.52,,
01-01-2004 00:00,415.6,5.91,33.05,,
02-01-2004 09:00,415.2,5.98,33.05,,
30-01-2004 09:00,401.3,6.22,33.05,,
01-02-2004 00:00,401.3,6.22,36.16,,
02-02-2004 09:00,401.85,6.2,36.16,,
01-03-2004 00:00,401.85,6.2,35.76,,
01-03-2004 09:00,398.5,6.73,35.76,,
30-03-2004 09:00,419.15,7.61,35.76,,
01-04-2004 00:00,419.15,7.61,37.38,,
01-04-2004 09:00,425.3,7.94,37.38,,
30-04-2004 09:00,387.3,5.95,37.38,,
01-05-2004 00:00,387.3,5.95,39.88,,
04-05-2004 09:00,389.75,6.1,39.88,,
01-06-2004 00:00,389.75,6.1,37.05,,
01-06-2004 09:00,395.85,6.17,37.05,,
30-06-2004 09:00,393.75,5.91,37.05,,
01-07-2004 00:00,393.75,5.91,43.8,,
01-07-2004 09:00,394.5,5.88,43.8,,
30-07-2004 09:00,389.6,6.42,43.8,,
01-08-2004 00:00,389.6,6.42,42.12,,
02-08-2004 09:00,393.25,6.64,42.12,,
31-08-2004 09:00,408.1,6.74,42.12,,
01-09-2004 00:00,408.1,6.74,49.64,,
01-09-2004 09:00,408,6.73,49.64,,
30-09-2004 09:00,412.35,6.66,49.64,,
01-10-2004 00:00,412.35,6.66,51.76,,
01-10-2004 09:00,418.15,6.84,51.76,,
01-11-2004 00:00,418.15,6.84,49.13,,
01-11-2004 09:00,428.1,7.24,49.13,,
30-11-2004 09:00,452,7.76,49.13,,
01-12-2004 00:00,452,7.76,43.45,,
01-12-2004 09:00,451.1,7.72,43.45,,
30-12-2004 09:00,435.15,6.77,43.45,,
01-01-2005 00:00,435.15,6.77,48.2,,
04-01-2005 09:00,426.8,6.39,48.2,,
31-01-2005 09:00,423.8,6.72,48.2,,
01-02-2005 00:00,423.8,6.72,51.75,,
01-02-2005 09:00,421.15,6.7,51.75,,
01-03-2005 00:00,421.15,6.7,55.4,,
01-03-2005 09:00,434.65,7.26,55.4,,
30-03-2005 09:00,426.5,6.96,55.4,,
01-04-2005 00:00,426.5,6.96,49.72,,
01-04-2005 09:00,427.45,7.1,49.72,,
01-05-2005 00:00,427.45,7.1,51.97,,
03-05-2005 09:00,429.2,6.85,51.97,,
31-05-2005 09:00,416.9,7.13,51.97,,
01-06-2005 00:00,416.9,7.13,56.5,,
01-06-2005 09:00,416.1,7.38,56.5,,
30-06-2005 09:00,436.8,7.1,56.5,,
01-07-2005 00:00,436.8,7.1,60.57,,
01-07-2005 09:00,434.2,7.02,60.57,,
01-08-2005 00:00,434.2,7.02,68.94,,
01-08-2005 09:00,431.35,7.25,68.94,,
30-08-2005 09:00,436.15,6.76,68.94,,
01-09-2005 00:00,436.15,6.76,66.24,,
01-09-2005 09:00,435.5,6.86,66.24,,
30-09-2005 09:00,473.4,7.53,66.24,,
01-10-2005 00:00,473.4,7.53,59.76,,
03-10-2005 09:00,465,7.38,59.76,,
31-10-2005 09:00,472.65,7.76,59.76,,
01-11-2005 00:00,472.65,7.76,57.32,,
01-11-2005 09:00,465.55,7.54,57.32,,
30-11-2005 09:00,493.8,8.21,57.32,,
01-12-2005 00:00,493.8,8.21,61.04,,
01-12-2005 09:00,494.4,8.32,61.04,,
30-12-2005 09:00,513,8.83,61.04,,
01-01-2006 00:00,513,8.83,67.92,,
03-01-2006 09:00,520.75,9.04,67.92,,
30-01-2006 09:00,560.3,9.65,67.92,,
01-02-2006 00:00,560.3,9.65,61.41,,
01-02-2006 09:00,567.2,9.77,61.41,,
01-03-2006 00:00,567.2,9.77,66.63,,
01-03-2006 09:00,562.6,9.8,66.63,,
30-03-2006 09:00,578.5,11.45,66.63,,
01-04-2006 00:00,578.5,11.45,71.88,,
03-04-2006 09:00,585.5,11.58,71.88,,
01-05-2006 00:00,585.5,11.58,71.29,,
02-05-2006 09:00,657.75,13.92,71.29,,
30-05-2006 09:00,652.25,12.9,71.29,,
01-06-2006 00:00,652.25,12.9,73.93,,
01-06-2006 09:00,633.25,12.05,73.93,,
30-06-2006 09:00,600.4,10.7,73.93,,
01-07-2006 00:00,600.4,10.7,74.4,,
03-07-2006 09:00,619.5,11.28,74.4,,
31-07-2006 09:00,637,11.44,74.4,,
01-08-2006 00:00,637,11.44,70.26,,
01-08-2006 09:00,635.5,11.36,70.26,,
30-08-2006 09:00,614.7,12.22,70.26,,
01-09-2006 00:00,614.7,12.22,62.91,,
01-09-2006 09:00,624,12.75,62.91,,
01-10-2006 00:00,624,12.75,58.73,,
02-10-2006 09:00,602,11.58,58.73,,
30-10-2006 09:00,604.75,12.13,58.73,,
01-11-2006 00:00,604.75,12.13,63.13,,
01-11-2006 09:00,611.25,12.36,63.13,,
30-11-2006 09:00,638.4,13.68,63.13,,
01-12-2006 00:00,638.4,13.68,61.05,,
01-12-2006 09:00,644.4,13.85,61.05,,
01-01-2007 00:00,644.4,13.85,58.14,,
02-01-2007 09:00,640.75,13.01,58.14,,
30-01-2007 09:00,642.25,13.15,58.14,,
01-02-2007 00:00,642.25,13.15,61.79,,
01-02-2007 09:00,652.55,13.58,61.79,,
01-03-2007 00:00,652.55,13.58,65.87,,
01-03-2007 09:00,673.6,14.29,65.87,,
30-03-2007 09:00,663.5,13.35,65.87,,
01-04-2007 00:00,663.5,13.35,65.71,,
02-04-2007 09:00,663.3,13.34,65.71,,
30-04-2007 09:00,678,13.5,65.71,,
01-05-2007 00:00,678,13.5,64.01,,
01-05-2007 09:00,677.5,13.45,64.01,,
30-05-2007 09:00,657.1,13.11,64.01,,
01-06-2007 00:00,657.1,13.11,70.68,,
01-06-2007 09:00,662.5,13.53,70.68,,
01-07-2007 00:00,662.5,13.53,78.21,,
02-07-2007 09:00,650.5,12.47,78.21,,
30-07-2007 09:00,661.5,12.73,78.21,,
01-08-2007 00:00,661.5,12.73,74.04,,
01-08-2007 09:00,660.25,12.77,74.04,,
30-08-2007 09:00,666.3,11.86,74.04,,
01-09-2007 00:00,666.3,11.86,81.66,,
03-09-2007 09:00,672.75,12.1,81.66,,
01-10-2007 00:00,672.75,12.1,94.53,,
01-10-2007 09:00,745.25,13.78,94.53,,
30-10-2007 09:00,784,14.18,94.53,,
01-11-2007 00:00,784,14.18,88.71,,
01-11-2007 09:00,792,14.36,88.71,,
30-11-2007 09:00,794.75,14.23,88.71,,
01-12-2007 00:00,794.75,14.23,95.98,,
03-12-2007 09:00,783.75,13.86,95.98,,
31-12-2007 09:00,836.5,14.76,95.98,,
01-01-2008 00:00,836.5,14.76,91.75,,
02-01-2008 09:00,840.75,14.93,91.75,,
30-01-2008 09:00,923.75,16.76,91.75,,
01-02-2008 00:00,923.75,16.76,101.84,,
01-02-2008 09:00,933,17.19,101.84,,
01-03-2008 00:00,933,17.19,101.58,,
03-03-2008 09:00,978.25,20.16,101.58,,
31-03-2008 09:00,937.25,17.99,101.58,,
01-04-2008 00:00,937.25,17.99,113.46,,
01-04-2008 09:00,897,16.74,113.46,,
30-04-2008 09:00,867.75,16.47,113.46,,
01-05-2008 00:00,867.75,16.47,127.35,,
01-05-2008 09:00,863.5,16.64,127.35,,
30-05-2008 09:00,879.5,16.85,127.35,,
01-06-2008 00:00,879.5,16.85,140,,
02-06-2008 09:00,891.25,16.86,140,,
30-06-2008 09:00,932.75,17.65,140,,
01-07-2008 00:00,932.75,17.65,124.08,,
01-07-2008 09:00,929.5,17.56,124.08,,
30-07-2008 09:00,914.1,17.12,124.08,,
01-08-2008 00:00,914.1,17.12,115.46,,
01-08-2008 09:00,909.5,17.59,115.46,,
01-09-2008 00:00,909.5,17.59,100.64,,
01-09-2008 09:00,832,13.58,100.64,,
30-09-2008 09:00,897,12.96,100.64,,
01-10-2008 00:00,897,12.96,67.81,,
01-10-2008 09:00,876,12.28,67.81,,
30-10-2008 09:00,772.25,10.02,67.81,,
01-11-2008 00:00,772.25,10.02,54.43,,
03-11-2008 09:00,734,10.05,54.43,,
01-12-2008 00:00,734,10.05,44.6,,
01-12-2008 09:00,795.5,9.91,44.6,,
30-12-2008 09:00,870,10.83,44.6,,
01-01-2009 00:00,870,10.83,41.68,,
02-01-2009 09:00,869.75,11.08,41.68,,
30-01-2009 09:00,918.5,12.51,41.68,,
01-02-2009 00:00,918.5,12.51,44.76,,
02-02-2009 09:00,913.75,12.43,44.76,,
01-03-2009 00:00,913.75,12.43,49.66,,
02-03-2009 09:00,949.5,13.14,49.66,,
30-03-2009 09:00,923,12.96,49.66,,
01-04-2009 00:00,923,12.96,51.12,,
01-04-2009 09:00,919.5,12.98,51.12,,
30-04-2009 09:00,889,12.63,51.12,,
01-05-2009 00:00,889,12.63,66.31,,
01-05-2009 09:00,881.5,12.15,66.31,,
01-06-2009 00:00,881.5,12.15,69.89,,
01-06-2009 09:00,987,15.86,69.89,,
30-06-2009 09:00,941,13.94,69.89,,
01-07-2009 00:00,941,13.94,69.45,,
01-07-2009 09:00,931.5,13.65,69.45,,
30-07-2009 09:00,932,13.4,69.45,,
01-08-2009 00:00,932,13.4,69.96,,
03-08-2009 09:00,954.25,14.29,69.96,,
01-09-2009 00:00,954.25,14.29,70.61,,
01-09-2009 09:00,949.75,14.74,70.61,,
30-09-2009 09:00,1001.25,16.45,70.61,,
01-10-2009 00:00,1001.25,16.45,77,,
01-10-2009 09:00,1005.75,16.55,77,,
30-10-2009 09:00,1044.5,16.57,77,,
01-11-2009 00:00,1044.5,16.57,77.28,,
02-11-2009 09:00,1052,16.58,77.28,,
30-11-2009 09:00,1172,18.14,77.28,,
01-12-2009 00:00,1172,18.14,79.36,,
01-12-2009 09:00,1193.5,18.72,79.36,,
30-12-2009 09:00,1092.5,16.92,79.36,,
01-01-2010 00:00,1092.5,16.92,72.89,,
04-01-2010 09:00,1113,17.17,72.89,,
01-02-2010 00:00,1113,17.17,79.66,,
01-02-2010 09:00,1082,16.23,79.66,,
01-03-2010 00:00,1082,16.23,83.76,,
01-03-2010 09:00,1117.25,16.5,83.76,,
30-03-2010 09:00,1109.75,17.41,83.76,,
01-04-2010 00:00,1109.75,17.41,86.15,,
01-04-2010 09:00,1116,17.69,86.15,,
30-04-2010 09:00,1175.25,18.62,86.15,,
01-05-2010 00:00,1175.25,18.62,73.97,,
04-05-2010 09:00,1184.25,18.71,73.97,,
01-06-2010 00:00,1184.25,18.71,75.63,,
01-06-2010 09:00,1219.75,18.3,75.63,,
30-06-2010 09:00,1240.5,18.74,75.63,,
01-07-2010 00:00,1240.5,18.74,78.95,,
01-07-2010 09:00,1240,18.65,78.95,,
30-07-2010 09:00,1168,17.66,78.95,,
01-08-2010 00:00,1168,17.66,71.92,,
02-08-2010 09:00,1178,18.11,71.92,,
31-08-2010 09:00,1233.5,18.87,71.92,,
01-09-2010 00:00,1233.5,18.87,79.97,,
01-09-2010 09:00,1250,19.47,79.97,,
30-09-2010 09:00,1311,22.07,79.97,,
01-10-2010 00:00,1311,22.07,81.43,,
01-10-2010 09:00,1313,21.95,81.43,,
01-11-2010 00:00,1313,21.95,84.11,,
01-11-2010 09:00,1361.5,24.91,84.11,,
30-11-2010 09:00,1375,27.13,84.11,,
01-12-2010 00:00,1375,27.13,91.38,,
01-12-2010 09:00,1391.5,28.74,91.38,,
30-12-2010 09:00,1411.5,30.7,91.38,,
01-01-2011 00:00,1411.5,30.7,92.19,,
04-01-2011 09:00,1405.5,30.67,92.19,,
31-01-2011 09:00,1333.5,27.75,92.19,,
01-02-2011 00:00,1333.5,27.75,96.97,,
01-02-2011 09:00,1337.5,28.32,96.97,,
01-03-2011 00:00,1337.5,28.32,106.72,,
01-03-2011 09:00,1414.5,34.37,106.72,,
30-03-2011 09:00,1419,37.53,106.72,,
01-04-2011 00:00,1419,37.53,113.93,,
01-04-2011 09:00,1434.5,37.63,113.93,,
28-04-2011 09:00,1434.5,37.63,113.93,,
01-05-2011 00:00,1434.5,37.63,102.7,,
03-05-2011 09:00,1546.5,43.61,102.7,,
31-05-2011 09:00,1537,38.65,102.7,,
01-06-2011 00:00,1537,38.65,95.42,,
01-06-2011 09:00,1532.25,37.95,95.42,,
30-06-2011 09:00,1508,35.02,95.42,,
01-07-2011 00:00,1508,35.02,95.7,,
01-07-2011 09:00,1492.75,33.85,95.7,,
01-08-2011 00:00,1492.75,33.85,88.81,,
01-08-2011 09:00,1613.5,39.31,88.81,,
30-08-2011 09:00,1791,40.9,88.81,,
01-09-2011 00:00,1791,40.9,79.2,,
01-09-2011 09:00,1815.5,41.47,79.2,,
30-09-2011 09:00,1629,30.45,79.2,,
01-10-2011 00:00,1629,30.45,93.19,,
03-10-2011 09:00,1660,31.05,93.19,,
31-10-2011 09:00,1718,34.24,93.19,,
01-11-2011 00:00,1718,34.24,100.36,,
01-11-2011 09:00,1702,32.97,100.36,,
30-11-2011 09:00,1704,31.35,100.36,,
01-12-2011 00:00,1704,31.35,98.83,,
01-12-2011 09:00,1750,33.28,98.83,,
30-12-2011 09:00,1574.5,28.18,98.83,,
01-01-2012 00:00,1574.5,28.18,98.48,,
03-01-2012 09:00,1590,28.78,98.48,,
30-01-2012 09:00,1720.5,33.18,98.48,,
01-02-2012 00:00,1720.5,33.18,107.07,,
01-02-2012 09:00,1744,33.8,107.07,,
01-03-2012 00:00,1744,33.8,103.02,,
01-03-2012 09:00,1721,34.56,103.02,,
30-03-2012 09:00,1660.75,32.43,103.02,,
01-04-2012 00:00,1660.75,32.43,104.87,,
02-04-2012 09:00,1664,32.42,104.87,,
30-04-2012 09:00,1662.5,31.2,104.87,,
01-05-2012 00:00,1662.5,31.2,86.53,,
01-05-2012 09:00,1661.25,30.78,86.53,,
30-05-2012 09:00,1548.75,27.68,86.53,,
01-06-2012 00:00,1548.75,27.68,84.96,,
01-06-2012 09:00,1552.5,27.38,84.96,,
01-07-2012 00:00,1552.5,27.38,88.06,,
02-07-2012 09:00,1596.25,27.36,88.06,,
30-07-2012 09:00,1616.5,27.64,88.06,,
01-08-2012 00:00,1616.5,27.64,96.47,,
01-08-2012 09:00,1614.75,27.87,96.47,,
30-08-2012 09:00,1657,30.66,96.47,,
01-09-2012 00:00,1657,30.66,92.19,,
03-09-2012 09:00,1686,31.74,92.19,,
01-10-2012 00:00,1686,31.74,86.24,,
01-10-2012 09:00,1770.5,34.35,86.24,,
30-10-2012 09:00,1713.5,31.98,86.24,,
01-11-2012 00:00,1713.5,31.98,88.91,,
01-11-2012 09:00,1723.25,32.66,88.91,,
30-11-2012 09:00,1728.25,34.28,88.91,,
01-12-2012 00:00,1728.25,34.28,91.82,,
03-12-2012 09:00,1718,33.42,91.82,,
31-12-2012 09:00,1664,29.95,91.82,,
01-01-2013 00:00,1664,29.95,97.49,,
02-01-2013 09:00,1681.5,30.87,97.49,,
30-01-2013 09:00,1666.25,31.35,97.49,,
01-02-2013 00:00,1666.25,31.35,92.05,,
01-02-2013 09:00,1665,31.43,92.05,,
01-03-2013 00:00,1665,31.43,97.23,,
01-03-2013 09:00,1570,28.01,97.23,,
01-04-2013 00:00,1570,28.01,93.46,,
02-04-2013 09:00,1597.75,27.96,93.46,,
30-04-2013 09:00,1472.75,24.42,93.46,,
01-05-2013 00:00,1472.75,24.42,91.97,,
01-05-2013 09:00,1469.5,23.97,91.97,,
30-05-2013 09:00,1406.25,22.68,91.97,,
01-06-2013 00:00,1406.25,22.68,96.56,,
03-06-2013 09:00,1396.75,22.43,96.56,,
01-07-2013 00:00,1396.75,22.43,105.03,,
01-07-2013 09:00,1243.5,19.44,105.03,,
30-07-2013 09:00,1322.25,19.68,105.03,,
01-08-2013 00:00,1322.25,19.68,107.65,,
01-08-2013 09:00,1323.75,19.72,107.65,,
30-08-2013 09:00,1392.75,23.64,107.65,,
01-09-2013 00:00,1392.75,23.64,102.33,,
02-09-2013 09:00,1391.25,23.97,102.33,,
30-09-2013 09:00,1335.75,21.68,102.33,,
01-10-2013 00:00,1335.75,21.68,96.38,,
01-10-2013 09:00,1332.25,21.7,96.38,,
30-10-2013 09:00,1349.5,22.74,96.38,,
01-11-2013 00:00,1349.5,22.74,92.72,,
01-11-2013 09:00,1314.75,21.75,92.72,,
01-12-2013 00:00,1314.75,21.75,98.42,,
02-12-2013 09:00,1237.5,19.75,98.42,,
30-12-2013 09:00,1201.5,19.65,98.42,,
01-01-2014 00:00,1201.5,19.65,97.49,,
02-01-2014 09:00,1219.75,19.94,97.49,,
30-01-2014 09:00,1254,19.41,97.49,,
01-02-2014 00:00,1254,19.41,102.59,,
03-02-2014 09:00,1246.5,19.27,102.59,,
01-03-2014 00:00,1246.5,19.27,101.58,,
03-03-2014 09:00,1344.25,21.46,101.58,,
31-03-2014 09:00,1294,19.97,101.58,,
01-04-2014 00:00,1294,19.97,99.74,,
01-04-2014 09:00,1286.5,19.8,99.74,,
30-04-2014 09:00,1292,19.28,99.74,,
01-05-2014 00:00,1292,19.28,102.71,,
01-05-2014 09:00,1283,19.06,102.71,,
30-05-2014 09:00,1254,19,102.71,,
01-06-2014 00:00,1254,19,105.37,,
02-06-2014 09:00,1244.75,18.81,105.37,,
30-06-2014 09:00,1313,20.87,105.37,,
01-07-2014 00:00,1313,20.87,98.17,,
01-07-2014 09:00,1325.75,21.08,98.17,,
30-07-2014 09:00,1297.5,20.54,98.17,,
01-08-2014 00:00,1297.5,20.54,95.96,,
01-08-2014 09:00,1284.5,20.34,95.96,,
01-09-2014 00:00,1284.5,20.34,91.16,,
01-09-2014 09:00,1287.25,19.49,91.16,,
30-09-2014 09:00,1210,17.11,91.16,,
01-10-2014 00:00,1210,17.11,80.54,,
01-10-2014 09:00,1208.5,17.04,80.54,,
30-10-2014 09:00,1205.75,16.78,80.54,,
01-11-2014 00:00,1205.75,16.78,66.15,,
03-11-2014 09:00,1170.75,16.15,66.15,,
01-12-2014 00:00,1170.75,16.15,53.27,,
01-12-2014 09:00,1178.75,15.73,53.27,,
30-12-2014 09:00,1186.5,15.79,53.27,,
01-01-2015 00:00,1186.5,15.79,48.24,,
02-01-2015 09:00,1184.25,15.71,48.24,,
30-01-2015 09:00,1263.5,16.92,48.24,,
01-02-2015 00:00,1263.5,16.92,49.76,,
02-02-2015 09:00,1274.25,17.22,49.76,,
01-03-2015 00:00,1274.25,17.22,47.6,,
02-03-2015 09:00,1216.75,16.63,47.6,,
30-03-2015 09:00,1187.4,16.65,47.6,,
01-04-2015 00:00,1187.4,16.65,59.63,,
01-04-2015 09:00,1181.25,16.56,59.63,,
30-04-2015 09:00,1204.3,16.52,59.63,,
01-05-2015 00:00,1204.3,16.52,60.3,,
01-05-2015 09:00,1179,16.17,60.3,,
01-06-2015 00:00,1179,16.17,59.47,,
01-06-2015 09:00,1187.3,16.61,59.47,,
30-06-2015 09:00,1175,15.7,59.47,,
01-07-2015 00:00,1175,15.7,47.12,,
01-07-2015 09:00,1171.7,15.63,47.12,,
30-07-2015 09:00,1085.65,14.64,47.12,,
01-08-2015 00:00,1085.65,14.64,49.2,,
03-08-2015 09:00,1093,14.73,49.2,,
01-09-2015 00:00,1093,14.73,45.09,,
01-09-2015 09:00,1141.9,14.68,45.09,,
30-09-2015 09:00,1122.5,14.65,45.09,,
01-10-2015 00:00,1122.5,14.65,46.59,,
01-10-2015 09:00,1114.2,14.55,46.59,,
30-10-2015 09:00,1147.75,15.63,46.59,,
01-11-2015 00:00,1147.75,15.63,41.65,,
02-11-2015 09:00,1135.8,15.4,41.65,,
30-11-2015 09:00,1055.65,14.08,41.65,,
01-12-2015 00:00,1055.65,14.08,37.04,,
01-12-2015 09:00,1069.25,14.21,37.04,,
30-12-2015 09:00,1067.8,13.82,37.04,,
01-01-2016 00:00,1067.8,13.82,33.62,,
04-01-2016 09:00,1072.7,14,33.62,,
01-02-2016 00:00,1072.7,14,33.75,,
01-02-2016 09:00,1122,14.33,33.75,,
01-03-2016 00:00,1122,14.33,38.34,,
01-03-2016 09:00,1240,14.99,38.34,,
30-03-2016 09:00,1238.2,15.38,38.34,,
01-04-2016 00:00,1238.2,15.38,45.92,,
01-04-2016 09:00,1232.1,15.38,45.92,,
01-05-2016 00:00,1232.1,15.38,49.1,,
03-05-2016 09:00,1296.5,17.49,49.1,,
31-05-2016 09:00,1210.5,16.06,49.1,,
01-06-2016 00:00,1210.5,16.06,48.33,,
01-06-2016 09:00,1216.25,15.95,48.33,,
30-06-2016 09:00,1317,18.36,48.33,,
01-07-2016 00:00,1317,18.36,41.6,,
01-07-2016 09:00,1331.75,19.24,41.6,,
01-08-2016 00:00,1331.75,19.24,44.7,,
01-08-2016 09:00,1348.85,20.51,44.7,,
30-08-2016 09:00,1318.85,18.78,44.7,,
01-09-2016 00:00,1318.85,18.78,48.24,,
01-09-2016 09:00,1305.7,18.65,48.24,,
30-09-2016 09:00,1327.9,19.35,48.24,,
01-10-2016 00:00,1327.9,19.35,46.86,,
03-10-2016 09:00,1318.65,19.18,46.86,,
31-10-2016 09:00,1274.2,17.76,46.86,,
01-11-2016 00:00,1274.2,17.76,49.44,,
01-11-2016 09:00,1284.4,18.24,49.44,,
30-11-2016 09:00,1187.4,16.67,49.44,,
01-12-2016 00:00,1187.4,16.67,53.72,,
01-12-2016 09:00,1168.75,16.3,53.72,,
30-12-2016 09:00,1159.1,16.24,53.72,,
01-01-2017 00:00,1159.1,16.24,52.81,,
03-01-2017 09:00,1148.65,15.95,52.81,,
30-01-2017 09:00,1189.85,17.1,52.81,,
01-02-2017 00:00,1189.85,17.1,54.01,,
01-02-2017 09:00,1210,17.6,54.01,,
01-03-2017 00:00,1210,17.6,50.6,,
01-03-2017 09:00,1246.05,18.33,50.6,,
30-03-2017 09:00,1250.9,18.1,50.6,,
01-04-2017 00:00,1250.9,18.1,49.21,,
03-04-2017 09:00,1246.25,18.16,49.21,,
01-05-2017 00:00,1246.25,18.16,48.32,,
02-05-2017 09:00,1255.8,16.95,48.32,,
30-05-2017 09:00,1262.8,17.27,48.32,,
01-06-2017 00:00,1262.8,17.27,46.04,,
01-06-2017 09:00,1266.15,17.13,46.04,,
30-06-2017 09:00,1243.25,16.47,46.04,,
01-07-2017 00:00,1243.25,16.47,50.17,,
03-07-2017 09:00,1235.2,16.48,50.17,,
31-07-2017 09:00,1266.35,16.76,50.17,,
01-08-2017 00:00,1266.35,16.76,47.23,,
01-08-2017 09:00,1267.05,16.74,47.23,,
30-08-2017 09:00,1310.6,17.44,47.23,,
01-09-2017 00:00,1310.6,17.44,51.67,,
01-09-2017 09:00,1318.4,17.5,51.67,,
30-09-2017 09:00,1283.1,16.86,51.67,,
01-10-2017 00:00,1283.1,16.86,54.38,,
02-10-2017 09:00,1273.1,16.58,54.38,,
30-10-2017 09:00,1272.75,16.74,54.38,,
01-11-2017 00:00,1272.75,16.74,57.4,,
01-11-2017 09:00,1279.25,16.94,57.4,,
30-11-2017 09:00,1282.15,16.57,57.4,,
01-12-2017 00:00,1282.15,16.57,60.42,,
01-12-2017 09:00,1277.25,16.42,60.42,,
31-12-2017 09:00,1296.5,16.87,60.42,,
01-01-2018 00:00,1296.5,16.87,64.73,,
02-01-2018 09:00,1312.8,17.06,64.73,,
30-01-2018 09:00,1345.7,17.3,64.73,,
01-02-2018 00:00,1345.7,17.3,61.64,,
01-02-2018 09:00,1341.1,17.19,61.64,,
01-03-2018 00:00,1341.1,17.19,64.94,,
01-03-2018 09:00,1311.25,16.32,64.94,,
31-03-2018 09:00,1323.85,16.28,64.94,,
01-04-2018 00:00,1323.85,16.28,68.57,,
03-04-2018 09:00,1336.6,16.52,68.57,,
30-04-2018 09:00,1316.25,16.38,68.57,,
01-05-2018 00:00,1316.25,16.38,67.04,,
01-05-2018 09:00,1309.2,16.25,67.04,,
30-05-2018 09:00,1298.6,16.37,67.04,,
01-06-2018 00:00,1298.6,16.37,74.15,,
01-06-2018 09:00,1299.15,16.42,74.15,,
30-06-2018 09:00,1250.45,16.03,74.15,,
01-07-2018 00:00,1250.45,16.03,68.76,,
02-07-2018 09:00,1249,15.98,68.76,,
30-07-2018 09:00,1222.05,15.49,68.76,,
01-08-2018 00:00,1222.05,15.49,69.9977,,
01-08-2018 09:00,1222.75,15.48,69.9977,,
30-08-2018 09:00,1202.35,14.66,69.9977,,
01-09-2018 00:00,1202.35,14.66,73.5992,,
03-09-2018 09:00,1201.7,14.52,73.5992,,
01-10-2018 00:00,1201.7,14.52,65.31,,
01-10-2018 09:00,1185.3,14.55,65.31,,
30-10-2018 09:00,1220,14.42,65.31,,
01-11-2018 00:00,1220,14.42,50.93,,
01-11-2018 09:00,1223.25,14.45,50.93,,
30-11-2018 09:00,1220.45,14.24,50.93,,
01-12-2018 00:00,1220.45,14.24,45.41,,
03-12-2018 09:00,1231.05,14.38,45.41,,
31-12-2018 09:00,1281.65,15.46,45.41,,
01-01-2019 00:00,1281.65,15.46,53.79,,
02-01-2019 09:00,1287.2,15.44,53.79,,
30-01-2019 09:00,1312.95,15.92,53.79,,
01-02-2019 00:00,1312.95,15.92,57.22,,
01-02-2019 09:00,1320.75,16.01,57.22,,
01-03-2019 00:00,1320.75,16.01,60.14,,
01-03-2019 09:00,1309.95,15.56,60.14,,
01-04-2019 00:00,1309.95,15.56,63.91,,
01-04-2019 09:00,1291.9,15.07,63.91,,
30-04-2019 09:00,1285.15,14.98,63.91,,
01-05-2019 00:00,1285.15,14.98,53.5,,
01-05-2019 09:00,1281.8,14.88,53.5,,
30-05-2019 09:00,1276.45,14.4,53.5,,
01-06-2019 00:00,1276.45,14.4,59.4601,,
03-06-2019 09:00,1313.95,14.7,59.4601,,
01-07-2019 00:00,1313.95,14.7,58.58,,
01-07-2019 09:00,1390.05,15.26,58.58,,
30-07-2019 09:00,1428.45,16.45,58.58,,
01-08-2019 00:00,1428.45,16.45,55.1,,
01-08-2019 09:00,1406.4,16,55.1,,
30-08-2019 09:00,1526.55,18.39,55.1,,
01-09-2019 00:00,1526.55,18.39,54.07,,
02-09-2019 09:00,1523.35,18.35,54.07,,
30-09-2019 09:00,1487.6,17.26,54.07,,
01-10-2019 00:00,1487.6,17.26,54.18,,
01-10-2019 09:00,1466.1,17.11,54.18,,
30-10-2019 09:00,1490.15,17.95,54.18,,
01-11-2019 00:00,1490.15,17.95,55.4872,,
01-11-2019 09:00,1509.85,18.12,55.4872,,
01-12-2019 00:00,1509.85,18.12,60.7556,,
02-12-2019 09:00,1457.5,16.88,60.7556,,
30-12-2019 09:00,1511.5,17.82,60.7556,,
01-01-2020 00:00,1511.5,17.82,51.56,,
02-01-2020 09:00,1520.55,17.92,51.56,,
10-01-2020 00:00,1520.55,17.92,51.56,75.87,69.11
11-01-2020 00:00,1520.55,17.92,51.56,76.02,69.23
12-01-2020 00:00,1520.55,17.92,51.56,76.07,69.18
13-01-2020 00:00,1520.55,17.92,51.56,75.97,69.12
16-01-2020 00:00,1520.55,17.92,51.56,75.86,68.98
17-01-2020 00:00,1520.55,17.92,51.56,75.76,68.83
18-01-2020 00:00,1520.55,17.92,51.56,75.61,68.67
19-01-2020 00:00,1520.55,17.92,51.56,75.47,68.51
20-01-2020 00:00,1520.55,17.92,51.56,75.32,68.32
21-01-2020 00:00,1520.55,17.92,51.56,75.15,68.1
23-01-2020 00:00,1520.55,17.92,51.56,75.04,67.9
24-01-2020 00:00,1520.55,17.92,51.56,74.88,67.64
25-01-2020 00:00,1520.55,17.92,51.56,74.7,67.34
26-01-2020 00:00,1520.55,17.92,51.56,74.48,67.04
27-01-2020 00:00,1520.55,17.92,51.56,74.23,66.77
28-01-2020 00:00,1520.55,17.92,51.56,73.93,66.64
30-01-2020 00:00,1520.55,17.92,51.56,73.77,66.42
30-01-2020 09:00,1580.4,17.73,51.56,73.77,66.42
31-01-2020 00:00,1580.4,17.73,51.56,73.66,66.34
01-02-2020 00:00,1580.4,17.73,44.76,73.66,66.34
03-02-2020 09:00,1578.85,17.77,44.76,73.66,66.34
10-02-2020 00:00,1578.85,17.77,44.76,72.45,65.08
11-02-2020 00:00,1578.85,17.77,44.76,72.23,64.88
18-02-2020 00:00,1578.85,17.77,44.76,72.01,64.66
24-02-2020 00:00,1578.85,17.77,44.76,71.96,64.71
27-02-2020 00:00,1578.85,17.77,44.76,71.89,64.66
29-02-2020 00:00,1578.85,17.77,44.76,71.53,64.52
01-03-2020 00:00,1595.99,17,20.48,71.53,64.52
10-03-2020 00:00,1595.99,17,20.48,70.04,63.05
12-03-2020 00:00,1595.99,17,20.48,69.91,62.93
13-03-2020 00:00,1595.99,17,20.48,69.79,62.78
14-03-2020 00:00,1595.99,17,20.48,69.63,62.6
15-03-2020 00:00,1595.99,17,20.48,71.3,62.48
16-03-2020 00:00,1595.99,17,20.48,71.3,62.33
30-03-2020 00:00,1634.65,14.46,20.48,71.3,62.33
01-04-2020 00:00,1585.39,14.03,18.84,71.3,62.33
30-04-2020 00:00,1720.59,15.34,18.84,71.3,62.33
01-05-2020 00:00,1694.65,15.03,35.49,71.3,62.33
10-05-2020 00:00,1694.65,15.03,35.49,71.3,69.43
11-05-2020 00:00,1694.65,15.03,35.49,71.3,69.43
12-05-2020 00:00,1694.65,15.03,35.49,71.3,69.43
13-05-2020 00:00,1694.65,15.03,35.49,71.3,69.43
14-05-2020 00:00,1694.65,15.03,35.49,71.3,69.43
15-05-2020 00:00,1694.65,15.03,35.49,71.3,69.43
16-05-2020 00:00,1694.65,15.03,35.49,71.3,69.43
17-05-2020 00:00,1694.65,15.03,35.49,71.3,69.43
18-05-2020 00:00,1694.65,15.03,35.49,71.3,69.43
19-05-2020 00:00,1694.65,15.03,35.49,71.3,69.43
20-05-2020 00:00,1694.65,15.03,35.49,71.3,69.43
21-05-2020 00:00,1694.65,15.03,35.49,71.3,69.43
22-05-2020 00:00,1694.65,15.03,35.49,71.3,69.43
22-05-2020 00:00,1694.65,15.03,35.49,71.3,69.43
23-05-2020 00:00,1694.65,15.03,35.49,71.3,69.43
23-05-2020 00:00,1694.65,15.03,35.49,71.3,69.43
24-05-2020 00:00,1694.65,15.03,35.49,71.3,69.43
24-05-2020 00:00,1694.65,15.03,35.49,71.3,69.43
25-05-2020 00:00,1694.65,15.03,35.49,71.3,69.43
25-05-2020 00:00,1694.65,15.03,35.49,71.3,69.43
26-05-2020 00:00,1694.65,15.03,35.49,71.3,69.43
26-05-2020 00:00,1694.65,15.03,35.49,71.3,69.43
27-05-2020 00:00,1694.65,15.03,35.49,71.3,69.43
27-05-2020 00:00,1694.65,15.03,35.49,71.3,69.43
28-05-2020 00:00,1694.65,15.03,35.49,71.3,69.43
28-05-2020 00:00,1694.65,15.03,35.49,71.3,69.43
29-05-2020 00:00,1694.65,15.03,35.49,72.5,69.43
29-05-2020 00:00,1694.65,15.03,35.49,71.9,69.43
30-05-2020 00:00,1739.7,18.03,35.49,73.44,69.43
30-05-2020 00:00,1739.7,18.03,35.49,73.04,69.43
01-06-2020 00:00,1746,18.15,39.27,73.04,69.43
10-06-2020 00:00,1746,18.15,39.27,78.92,71.61
11-06-2020 00:00,1746,18.15,39.27,79.27,72.21
12-06-2020 00:00,1746,18.15,39.27,79.6,72.81
13-06-2020 00:00,1746,18.15,39.27,79.8,73.41
14-06-2020 00:00,1746,18.15,39.27,79.8,74.01
15-06-2020 00:00,1746,18.15,39.27,79.96,74.66
16-06-2020 00:00,1746,18.15,39.27,80.17,75.23
17-06-2020 00:00,1746,18.15,39.27,80.42,75.83
18-06-2020 00:00,1746,18.15,39.27,80.42,76.47
19-06-2020 00:00,1746,18.15,39.27,80.47,77.1
20-06-2020 00:00,1746,18.15,39.27,80.47,77.71
21-06-2020 00:00,1746,18.15,39.27,80.47,78.31
22-06-2020 00:00,1746,18.15,39.27,80.47,78.89
23-06-2020 00:00,1746,18.15,39.27,80.47,79.44
24-06-2020 00:00,1746,18.15,39.27,80.47,79.92
25-06-2020 00:00,1746,18.15,39.27,80.47,80.06
26-06-2020 00:00,1746,18.15,39.27,80.47,80.23
27-06-2020 00:00,1746,18.15,39.27,80.47,80.44
28-06-2020 00:00,1746,18.15,39.27,80.47,80.44
29-06-2020 00:00,1746,18.15,39.27,80.47,80.57
30-06-2020 00:00,1778.76,17.92,39.27,80.47,80.57
01-07-2020 00:00,1788.68,18.27,40.27,80.47,80.57
10-07-2020 00:00,1788.68,18.27,40.27,80.47,80.84
11-07-2020 00:00,1788.68,18.27,40.27,80.47,80.84
12-07-2020 00:00,1788.68,18.27,40.27,80.47,81
13-07-2020 00:00,1788.68,18.27,40.27,80.47,81.11
15-07-2020 00:00,1788.68,18.27,40.27,80.47,81.24
16-07-2020 00:00,1788.68,18.27,40.27,80.47,81.24
17-07-2020 00:00,1788.68,18.27,40.27,80.47,81.41
18-07-2020 00:00,1788.68,18.27,40.27,80.47,81.58
19-07-2020 00:00,1788.68,18.27,40.27,80.47,81.58
20-07-2020 00:00,1788.68,18.27,40.27,80.47,81.7
21-07-2020 00:00,1788.68,18.27,40.27,80.47,81.7
22-07-2020 00:00,1788.68,18.27,40.27,80.47,81.7
23-07-2020 00:00,1788.68,18.27,40.27,80.47,81.7
24-07-2020 00:00,1788.68,18.27,40.27,80.47,81.7
25-07-2020 00:00,1788.68,18.27,40.27,80.47,81.85
26-07-2020 00:00,1788.68,18.27,40.27,80.47,82
27-07-2020 00:00,1788.68,18.27,40.27,80.47,82
28-07-2020 00:00,1788.68,18.27,40.27,80.47,82
29-07-2020 00:00,1788.68,18.27,40.27,80.47,82
30-07-2020 00:00,1972.99,24.33,40.27,80.47,82
31-07-2020 00:00,1972.99,24.33,40.27,80.47,73.62
01-08-2020 00:00,1987.73,24.8,42.61,80.47,73.62
10-08-2020 00:00,1987.73,24.8,42.61,81.06,73.62
11-08-2020 00:00,1987.73,24.8,42.61,81.25,73.62
12-08-2020 00:00,1987.73,24.8,42.61,81.41,73.62
13-08-2020 00:00,1987.73,24.8,42.61,81.55,73.62
14-08-2020 00:00,1987.73,24.8,42.61,81.68,73.62
15-08-2020 00:00,1987.73,24.8,42.61,81.79,73.62
16-08-2020 00:00,1987.73,24.8,42.61,81.79,73.62
17-08-2020 00:00,1987.73,24.8,42.61,81.89,73.62
18-08-2020 00:00,1987.73,24.8,42.61,82,73.62
19-08-2020 00:00,1987.73,24.8,42.61,82,73.62
20-08-2020 00:00,1987.73,24.8,42.61,82.09,73.62
21-08-2020 00:00,1987.73,24.8,42.61,82.09,73.62
22-08-2020 00:00,1987.73,24.8,42.61,82.14,73.62
23-08-2020 00:00,1987.73,24.8,42.61,82.14,73.62
24-08-2020 00:00,1987.73,24.8,42.61,82.14,73.62
25-08-2020 00:00,1987.73,24.8,42.61,82.14,73.62
26-08-2020 00:00,1987.73,24.8,42.61,82.14,73.62
27-08-2020 00:00,1987.73,24.8,42.61,82.14,73.62
28-08-2020 00:00,1987.73,24.8,42.61,82.14,73.62
29-08-2020 00:00,1987.73,24.8,42.61,82.14,73.62
30-08-2020 00:00,1975.92,27.63,42.61,82.14,73.62
31-08-2020 00:00,1975.92,27.63,42.61,82.05,73.62
01-09-2020 00:00,1974.2,28.24,40.22,82.05,73.62
10-09-2020 00:00,1974.2,28.24,40.22,81.2,73.11
11-09-2020 00:00,1974.2,28.24,40.22,81.2,73.11
12-09-2020 00:00,1974.2,28.24,40.22,81.12,72.99
13-09-2020 00:00,1974.2,28.24,40.22,81.12,72.99
14-09-2020 00:00,1974.2,28.24,40.22,81.12,72.84
15-09-2020 00:00,1974.2,28.24,40.22,81.12,72.62
16-09-2020 00:00,1974.2,28.24,40.22,81.12,72.62
17-09-2020 00:00,1974.2,28.24,40.22,81.12,72.43
18-09-2020 00:00,1974.2,28.24,40.22,81.12,72.08
19-09-2020 00:00,1974.2,28.24,40.22,81.12,71.88
20-09-2020 00:00,1974.2,28.24,40.22,81.12,71.64
21-09-2020 00:00,1974.2,28.24,40.22,81.12,71.49
22-09-2020 00:00,1974.2,28.24,40.22,81.12,71.34
23-09-2020 00:00,1974.2,28.24,40.22,81.12,71.34
24-09-2020 00:00,1974.2,28.24,40.22,81.12,71.34
25-09-2020 00:00,1974.2,28.24,40.22,81.12,71.16
26-09-2020 00:00,1974.2,28.24,40.22,81.12,71
27-09-2020 00:00,1974.2,28.24,40.22,81.12,70.85
28-09-2020 00:00,1974.2,28.24,40.22,81.12,70.77
29-09-2020 00:00,1974.2,28.24,40.22,81.12,70.69
30-09-2020 00:00,1902.88,24.35,40.22,81.12,70.69
01-10-2020 00:00,1893.8,23.45,35.79,81.12,70.69
10-10-2020 00:00,1893.8,23.45,35.79,81.12,70.51
11-10-2020 00:00,1893.8,23.45,35.79,81.12,70.51
12-10-2020 00:00,1893.8,23.45,35.79,81.12,70.51
13-10-2020 00:00,1893.8,23.45,35.79,81.12,70.51
14-10-2020 00:00,1893.8,23.45,35.79,81.12,70.51
15-10-2020 00:00,1893.8,23.45,35.79,81.12,70.51
16-10-2020 00:00,1893.8,23.45,35.79,81.12,70.51
17-10-2020 00:00,1893.8,23.45,35.79,81.12,70.51
18-10-2020 00:00,1893.8,23.45,35.79,81.12,70.51
19-10-2020 00:00,1893.8,23.45,35.79,81.12,70.51
20-10-2020 00:00,1893.8,23.45,35.79,81.12,70.51
21-10-2020 00:00,1893.8,23.45,35.79,81.12,70.51
22-10-2020 00:00,1893.8,23.45,35.79,81.12,70.51
23-10-2020 00:00,1893.8,23.45,35.79,81.12,70.51
24-10-2020 00:00,1893.8,23.45,35.79,81.12,70.51
25-10-2020 00:00,1893.8,23.45,35.79,81.12,70.51
26-10-2020 00:00,1893.8,23.45,35.79,81.12,70.51
27-10-2020 00:00,1893.8,23.45,35.79,81.12,70.51
28-10-2020 00:00,1893.8,23.45,35.79,81.12,70.51
29-10-2020 00:00,1893.8,23.45,35.79,81.12,70.51
30-10-2020 00:00,1874.35,23.39,35.79,81.12,70.51
31-10-2020 00:00,1874.35,23.39,35.79,81.12,70.51
01-11-2020 00:00,1874.35,23.39,45.34,81.12,70.51
01-11-2020 00:00,1887.65,23.79,45.34,81.12,70.51
10-11-2020 00:00,1887.65,23.79,45.34,81.28,70.51
11-11-2020 00:00,1887.65,23.79,45.34,81.41,70.51
12-11-2020 00:00,1887.65,23.79,45.34,81.46,70.51
13-11-2020 00:00,1887.65,23.79,45.34,81.53,70.51
14-11-2020 00:00,1887.65,23.79,45.34,81.59,70.51
15-11-2020 00:00,1887.65,23.79,45.34,81.59,70.51
16-11-2020 00:00,1887.65,23.79,45.34,81.7,70.51
17-11-2020 00:00,1887.65,23.79,45.34,81.89,70.51
18-11-2020 00:00,1887.65,23.79,45.34,82.13,70.51
19-11-2020 00:00,1887.65,23.79,45.34,82.34,70.51
20-11-2020 00:00,1887.65,23.79,45.34,82.34,70.72
21-11-2020 00:00,1887.65,23.79,45.34,82.34,70.91
22-11-2020 00:00,1887.65,23.79,45.34,82.49,71.08
23-11-2020 00:00,1887.65,23.79,45.34,82.66,71.26
24-11-2020 00:00,1887.65,23.79,45.34,82.86,71.42
25-11-2020 00:00,1887.65,23.79,45.34,83.13,71.42
26-11-2020 00:00,1887.65,23.79,45.34,83.41,71.63
27-11-2020 00:00,1887.65,23.79,45.34,83.71,71.87
28-11-2020 00:00,1887.65,23.79,45.34,83.71,72.14
29-11-2020 00:00,1887.65,23.79,45.34,83.71,72.43
30-11-2020 00:00,1792.4,22.74,45.34,83.71,72.43
01-12-2020 00:00,1784.46,22.75,48.52,83.71,72.43
10-12-2020 00:00,1784.46,22.75,48.52,83.71,73.88
11-12-2020 00:00,1784.46,22.75,48.52,83.71,73.88
12-12-2020 00:00,1784.46,22.75,48.52,83.71,73.88
13-12-2020 00:00,1784.46,22.75,48.52,83.71,73.88
14-12-2020 00:00,1784.46,22.75,48.52,83.71,73.88
15-12-2020 00:00,1784.46,22.75,48.52,83.71,73.88
16-12-2020 00:00,1784.46,22.75,48.52,83.71,73.88
17-12-2020 00:00,1784.46,22.75,48.52,83.71,73.88
18-12-2020 00:00,1784.46,22.75,48.52,83.71,73.88
19-12-2020 00:00,1784.46,22.75,48.52,83.71,73.88
20-12-2020 00:00,1784.46,22.75,48.52,83.71,73.88
21-12-2020 00:00,1784.46,22.75,48.52,83.71,73.88
22-12-2020 00:00,1784.46,22.75,48.52,83.71,73.88
23-12-2020 00:00,1784.46,22.75,48.52,83.71,73.88
24-12-2020 00:00,1784.46,22.75,48.52,83.71,73.88
25-12-2020 00:00,1784.46,22.75,48.52,83.71,73.88
26-12-2020 00:00,1784.46,22.75,48.52,83.71,73.88
27-12-2020 00:00,1784.46,22.75,48.52,83.99,73.88
28-12-2020 00:00,1784.46,22.75,48.52,84.24,73.88
29-12-2020 00:00,1784.46,22.75,48.52,84.24,73.88
30-12-2020 00:00,1784.46,22.75,48.52,84.24,73.88
30-12-2020 00:00,1884.74,26.27,48.52,84.24,73.88
31-12-2020 00:00,1884.74,26.27,48.52,84.24,73.88
01-01-2021 00:00,1884.74,26.27,52.2,84.24,73.88
01-01-2021 00:00,1904.56,26.53,52.2,84.24,73.88
10-01-2021 00:00,1904.56,26.53,52.2,85.24,74.42
11-01-2021 00:00,1904.56,26.53,52.2,85.24,74.42
12-01-2021 00:00,1904.56,26.53,52.2,85.49,74.42
13-01-2021 00:00,1904.56,26.53,52.2,85.74,74.67
14-01-2021 00:00,1904.56,26.53,52.2,85.74,74.92
15-01-2021 00:00,1904.56,26.53,52.2,85.74,74.92
16-01-2021 00:00,1904.56,26.53,52.2,86.09,74.92
17-01-2021 00:00,1904.56,26.53,52.2,86.34,74.92
18-01-2021 00:00,1904.56,26.53,52.2,86.34,75.17
19-01-2021 00:00,1904.56,26.53,52.2,86.34,75.42
20-01-2021 00:00,1904.56,26.53,52.2,86.34,75.42
21-01-2021 00:00,1904.56,26.53,52.2,86.34,75.42
22-01-2021 00:00,1904.56,26.53,52.2,86.34,75.67
23-01-2021 00:00,1904.56,26.53,52.2,86.34,75.92
24-01-2021 00:00,1904.56,26.53,52.2,86.34,75.92
25-01-2021 00:00,1904.56,26.53,52.2,86.69,75.92
26-01-2021 00:00,1904.56,26.53,52.2,86.99,76.27
27-01-2021 00:00,1904.56,26.53,52.2,86.99,76.52
28-01-2021 00:00,1904.56,26.53,52.2,86.99,76.52
29-01-2021 00:00,1904.56,26.53,52.2,86.99,76.52
30-01-2021 00:00,1857.51,27.18,52.2,87.34,76.52
31-01-2021 00:00,1857.51,27.18,52.2,87.64,76.52
01-02-2021 00:00,1857.51,27.18,61.5,87.64,76.52
01-02-2021 00:00,1862.12,29.1,61.5,87.64,76.52
10-02-2021 00:00,1862.12,29.1,61.5,90.62,77.77
11-02-2021 00:00,1862.12,29.1,61.5,90.62,78.07
12-02-2021 00:00,1862.12,29.1,61.5,90.62,78.42
13-02-2021 00:00,1862.12,29.1,61.5,90.97,78.78
14-02-2021 00:00,1862.12,29.1,61.5,90.97,79.1
15-02-2021 00:00,1862.12,29.1,61.5,90.97,79.39
16-02-2021 00:00,1862.12,29.1,61.5,90.97,79.74
17-02-2021 00:00,1862.12,29.1,61.5,91.21,79.99
18-02-2021 00:00,1862.12,29.1,61.5,91.21,80.31
19-02-2021 00:00,1862.12,29.1,61.5,91.21,80.64
20-02-2021 00:00,1862.12,29.1,61.5,91.21,81.01
21-02-2021 00:00,1862.12,29.1,61.5,91.21,81.01
22-02-2021 00:00,1862.12,29.1,61.5,91.21,81.01
23-02-2021 00:00,1862.12,29.1,61.5,91.21,81.36
24-02-2021 00:00,1862.12,29.1,61.5,91.21,81.36
25-02-2021 00:00,1862.12,29.1,61.5,91.21,81.36
26-02-2021 00:00,1862.12,29.1,61.5,91.21,81.36
27-02-2021 00:00,1862.12,29.1,61.5,91.21,81.51
28-02-2021 00:00,1862.12,29.1,61.5,91.21,81.51
01-03-2021 00:00,1862.12,29.1,59.16,91.21,81.51
01-03-2021 00:00,1744.78,26.9,59.16,91.21,81.51
10-03-2021 00:00,1744.78,26.9,59.16,91.21,81.51
11-03-2021 00:00,1744.78,26.9,59.16,91.21,81.51
12-03-2021 00:00,1744.78,26.9,59.16,91.21,81.51
13-03-2021 00:00,1744.78,26.9,59.16,91.21,81.51
14-03-2021 00:00,1744.78,26.9,59.16,91.21,81.51
15-03-2021 00:00,1744.78,26.9,59.16,91.21,81.51
16-03-2021 00:00,1744.78,26.9,59.16,91.21,81.51
17-03-2021 00:00,1744.78,26.9,59.16,91.21,81.51
18-03-2021 00:00,1744.78,26.9,59.16,91.21,81.51
19-03-2021 00:00,1744.78,26.9,59.16,91.21,81.51
20-03-2021 00:00,1744.78,26.9,59.16,91.21,81.51
21-03-2021 00:00,1744.78,26.9,59.16,91.21,81.51
22-03-2021 00:00,1744.78,26.9,59.16,91.21,81.51
23-03-2021 00:00,1744.78,26.9,59.16,91.21,81.51
24-03-2021 00:00,1744.78,26.9,59.16,91.03,81.34
25-03-2021 00:00,1744.78,26.9,59.16,90.82,81.14
26-03-2021 00:00,1744.78,26.9,59.16,90.82,81.14
27-03-2021 00:00,1744.78,26.9,59.16,90.82,81.14
28-03-2021 00:00,1744.78,26.9,59.16,90.82,81.14
29-03-2021 00:00,1744.78,26.9,59.16,90.82,81.14
30-03-2021 00:00,1744.78,26.9,59.16,90.6,80.91
30-03-2021 00:00,1717.38,24.76,59.16,90.6,80.91
31-03-2021 00:00,1717.38,24.76,59.16,90.6,80.91
01-04-2021 00:00,1717.38,24.76,63.58,90.6,80.91
01-04-2021 00:00,1712.86,24.52,63.58,90.6,80.91
10-04-2021 00:00,1712.86,24.52,63.58,90.6,80.91
11-04-2021 00:00,1712.86,24.52,63.58,90.6,80.91
12-04-2021 00:00,1712.86,24.52,63.58,90.6,80.91
13-04-2021 00:00,1712.86,24.52,63.58,90.6,80.91
14-04-2021 00:00,1712.86,24.52,63.58,90.6,80.91
15-04-2021 00:00,1712.86,24.52,63.58,90.44,80.77
16-04-2021 00:00,1712.86,24.52,63.58,90.44,80.77
17-04-2021 00:00,1712.86,24.52,63.58,90.44,80.77
18-04-2021 00:00,1712.86,24.52,63.58,90.44,80.77
19-04-2021 00:00,1712.86,24.52,63.58,90.44,80.77
20-04-2021 00:00,1712.86,24.52,63.58,90.44,80.77
21-04-2021 00:00,1712.86,24.52,63.58,90.44,80.77
22-04-2021 00:00,1712.86,24.52,63.58,90.44,80.77
23-04-2021 00:00,1712.86,24.52,63.58,90.44,80.77
24-04-2021 00:00,1712.86,24.52,63.58,90.44,80.77
25-04-2021 00:00,1712.86,24.52,63.58,90.44,80.77
26-04-2021 00:00,1712.86,24.52,63.58,90.44,80.77
27-04-2021 00:00,1712.86,24.52,63.58,90.44,80.77
28-04-2021 00:00,1712.86,24.52,63.58,90.44,80.77
29-04-2021 00:00,1712.86,24.52,63.58,90.44,80.77
30-04-2021 00:00,1712.86,24.52,63.58,90.44,80.77
30-04-2021 00:00,1778.78,26.19,63.58,90.44,80.77
01-05-2021 00:00,1778.78,26.19,66.93,90.44,80.77
01-05-2021 00:00,1778.56,26.1,66.93,90.44,80.77
10-05-2021 00:00,1778.56,26.1,66.93,91.59,82.12
11-05-2021 00:00,1778.56,26.1,66.93,91.86,82.42
12-05-2021 00:00,1778.56,26.1,66.93,92.11,82.67
13-05-2021 00:00,1778.56,26.1,66.93,92.11,82.67
14-05-2021 00:00,1778.56,26.1,66.93,92.4,83.01
15-05-2021 00:00,1778.56,26.1,66.93,92.4,83.01
16-05-2021 00:00,1778.56,26.1,66.93,92.64,83.28
17-05-2021 00:00,1778.56,26.1,66.93,92.64,83.28
18-05-2021 00:00,1778.56,26.1,66.93,92.91,83.57
19-05-2021 00:00,1778.56,26.1,66.93,92.91,83.57
20-05-2021 00:00,1778.56,26.1,66.93,92.91,83.57
21-05-2021 00:00,1778.56,26.1,66.93,93.1,83.86
22-05-2021 00:00,1778.56,26.1,66.93,93.1,83.86
23-05-2021 00:00,1778.56,26.1,66.93,93.27,84.13
24-05-2021 00:00,1778.56,26.1,66.93,93.27,84.13
25-05-2021 00:00,1778.56,26.1,66.93,93.5,84.38
26-05-2021 00:00,1778.56,26.1,66.93,93.5,84.38
27-05-2021 00:00,1778.56,26.1,66.93,93.74,84.67
28-05-2021 00:00,1778.56,26.1,66.93,93.74,84.67
29-05-2021 00:00,1778.56,26.1,66.93,94,84.95
30-05-2021 00:00,1912.72,28.08,66.93,94,84.95
01-06-2021 00:00,1912.72,28.08,73.47,94,84.95
01-06-2021 00:00,1916.29,28.21,73.47,94,84.95
30-06-2021 00:00,1766.97,25.89,73.47,94,84.95
01-07-2021 00:00,1766.97,25.89,73.95,94,84.95
01-07-2021 00:00,1773.69,26.18,73.95,94,84.95
30-07-2021 00:00,1835.94,25.61,73.95,94,84.95
01-08-2021 00:00,1821.95,25.63,68.5,94,84.95
30-08-2021 00:00,1824.13,24.16,68.5,94,84.95
01-09-2021 00:00,1824.13,24.16,75.03,94,84.95
01-09-2021 00:00,1820.09,23.98,75.03,94,84.95
30-09-2021 00:00,1734.09,21.63,75.03,94,84.95
01-10-2021 00:00,1734.09,21.63,81.78,94,84.95
01-10-2021 00:00,1758.49,22.17,81.78,94,84.95
30-10-2021 00:00,1793.24,24.06,81.78,94,84.95
01-11-2021 00:00,1793.24,24.06,65.85,94,84.95
01-11-2021 00:00,1785.57,23.85,65.85,94,84.95
30-11-2021 00:00,1792.29,23.01,65.85,94,84.95
01-12-2021 00:00,1792.29,23.01,74.88,94,84.95
01-12-2021 00:00,1778.76,22.87,74.88,94,84.95
30-12-2021 00:00,1810.06,22.9,74.88,94,84.95
01-01-2022 00:00,1810.06,22.9,86.49,94,84.95
01-01-2022 00:00,1839.22,23.47,86.49,94,84.95
30-01-2022 00:00,1798.38,22.57,86.49,94,84.95
01-02-2022 00:00,1798.38,22.57,93.5,94,84.95
01-02-2022 00:00,1803.3,22.55,93.5,94,84.95
01-03-2022 00:00,1803.3,22.55,98.52,94,84.95
01-03-2022 00:00,1912.87,24.5,98.52,94,84.95
30-03-2022 00:00,1922.29,24.82,98.52,94,84.95
01-04-2022 00:00,1922.29,24.82,102.94,94,84.95
01-04-2022 00:00,1942.67,24.88,102.94,94,84.95
30-04-2022 00:00,1907.15,22.95,102.94,94,84.95
01-05-2022 00:00,1907.15,22.95,111.91,94,84.95
01-05-2022 00:00,1906.7,22.89,111.91,94,84.95
30-05-2022 00:00,1855.63,22.11,111.91,94,84.95
01-06-2022 00:00,1855.63,22.11,103.1,94,84.95
01-06-2022 00:00,1841.95,21.61,103.1,94,84.95
30-06-2022 00:04,1823.88,20.79,103.1,94,84.95
01-07-2022 00:00,1823.88,20.79,96.75,94,84.95
01-07-2022 00:00,1812.2,20.33,96.75,94,84.95
30-07-2022 00:00,1775.32,20.5,96.75,94,84.95
01-08-2022 00:00,1775.32,20.5,89.03,94,84.95
01-08-2022 00:00,1767.65,20.29,89.03,94,84.95
30-08-2022 00:00,1744.89,18.86,89.03,94,84.95
01-09-2022 00:00,1744.89,18.86,78.72,94,84.95
01-09-2022 00:03,1713.01,17.9,78.72,94,84.95
30-09-2022 00:00,1669.73,18.97,78.72,94,84.95
01-10-2022 00:00,1669.73,18.97,85.4,94,84.95
01-10-2022 00:00,1669.38,19.17,85.4,94,84.95
22-10-2022 05:16,1669.38,19.17,85.4,94,84.95
30-10-2022 00:00,1653.95,19.36,85.4,94,84.95
01-11-2022 00:00,1653.95,19.36,80.66,94,84.95
01-11-2022 00:00,1637.55,19.23,80.66,94,84.95
30-11-2022 00:00,1754.42,21.29,80.66,94,84.95
01-12-2022 00:00,1754.42,21.29,80.45,94,84.95
01-12-2022 00:00,1778.9,22.42,80.45,94,84.95
30-12-2022 00:00,1820.68,23.95,80.45,94,84.95
01-01-2023 00:00,1820.68,23.95,79.17,94,84.95
01-01-2023 00:00,1833.48,24.07,79.17,94,84.95
30-01-2023 00:00,1934.84,23.72,79.17,94,84.95
01-02-2023 00:00,1934.84,23.72,77.19,94,84.95
01-02-2023 00:00,1929.43,23.71,77.19,94,84.95
01-03-2023 00:00,1929.43,23.71,75.8,94,84.95
01-03-2023 00:00,1827.54,20.91,75.8,94,84.95
30-03-2023 00:00,1965.29,23.34,75.8,94,84.95
01-04-2023 00:00,1965.29,23.34,76.78,94,84.95
01-04-2023 00:00,1974.97,24.17,76.78,94,84.95
30-04-2023 00:00,1995.99,25.13,76.78,94,84.95
01-05-2023 00:00,1995.99,25.13,68.24,94,84.95
01-05-2023 00:02,1988.69,25,68.24,94,84.95
30-05-2023 00:00,1941.8,23.15,68.24,94,84.95
01-06-2023 00:00,1941.8,23.15,70.78,94,84.95
01-06-2023 00:00,1966.53,23.55,70.78,94,84.95
30-06-2023 00:00,1908.97,22.6,70.78,94,84.95
01-07-2023 00:00,1908.97,22.6,81.32,94,84.95
01-07-2023 00:00,1921.63,22.8,81.32,94,84.95
30-07-2023 00:00,1962.05,24.33,81.32,94,84.95
01-08-2023 00:00,1962.05,24.33,82.96,94,84.95
01-08-2023 00:00,1964.13,24.75,82.96,94,84.95
30-08-2023 00:00,1936.47,24.73,82.96,94,84.95
01-09-2023 00:00,1936.47,24.73,88.8,94,84.95
01-09-2023 00:00,1940.23,24.44,88.8,94,84.95
30-09-2023 00:00,1851.05,22.22,88.8,94,84.95
01-10-2023 00:00,1851.05,22.22,80.5,94,84.95
01-10-2023 00:00,1851.05,22.22,80.5,94,84.95
30-10-2023 00:00,2004.98,23.08,80.5,94,84.95
01-11-2023 00:00,2004.98,23.08,76.05,94,84.95
01-11-2023 02:10,1982.84,22.74,76.05,94,84.95
30-11-2023 00:00,2047.24,24.99,76.05,94,84.95
01-12-2023 00:00,2047.24,24.99,71.65,94,84.95
01-12-2023 00:00,2042.27,25.39,71.65,94,84.95
30-12-2023 00:00,2068.1,23.87,71.65,94,84.95
01-01-2024 00:00,2068.1,23.87,75.71,94,84.95
01-01-2024 00:00,2068.1,23.87,75.71,94,84.95
30-01-2024 00:00,2033.51,23.23,75.71,94,84.95
01-02-2024 00:00,2033.51,23.23,77.45,94,84.95
01-02-2024 00:00,2042.21,22.94,77.45,94,84.95
01-03-2024 00:00,2042.21,22.94,83.1235,94,84.95
01-03-2024 00:00,2046.2,22.69,83.1235,94,84.95
30-03-2024 00:00,2238.24,25.08,83.1235,94,84.95
01-04-2024 00:00,2238.24,25.08,81.93,94,84.95
01-04-2024 00:00,2247.73,25.19,81.93,94,84.95
12-04-2024 15:05,2247.73,25.19,81.93,94,84.95
30-04-2024 00:00,2335.3,27.11,81.93,94,84.95
01-05-2024 00:00,2335.3,27.11,76.99,94,84.95
01-05-2024 00:00,2294.31,26.37,76.99,94,84.95
30-05-2024 00:00,2340.71,32.07,76.99,94,84.95
01-06-2024 00:00,2340.71,32.07,81.54,94,84.95
01-06-2024 00:00,2331.54,30.48,81.54,94,84.95
30-06-2024 00:00,2330.75,29.21,81.54,94,84.95
01-07-2024 00:00,2330.75,29.21,77.91,94,84.95
01-07-2024 00:00,2326.44,29.12,77.91,94,84.95
17-07-2024 14:00,2485.75,29.12,77.91,94,84.95
30-07-2024 00:00,2384.17,27.86,77.91,94,84.95
30-07-2024 18:58,2384.17,27.86,77.91,94,84.95
30-07-2024 19:00,2407.03,28.34,77.91,94,84.95
01-08-2024 00:00,2407.03,28.34,73.55,94,84.95
01-09-2024 00:00,2407.03,28.34,68.17,94,84.95
01-10-2024 00:00,2407.03,28.34,69.26,94,84.95
01-11-2024 00:00,2407.03,28.34,68.63,94,84.95
01-12-2024 00:00,2407.03,28.34,71.72,94,84.95
01-01-2025 00:00,2407.03,28.34,72.53,94,84.95
01-02-2025 00:00,2407.03,28.34,69.76,94,84.95
01-03-2025 00:00,2407.03,28.34,71.48,94,84.95
01-04-2025 00:00,2407.03,28.34,58.21,94,84.95
01-05-2025 00:00,2407.03,28.34,60.79,94,84.95
01-06-2025 00:00,2407.03,28.34,65.11,94,84.95
01-07-2025 00:00,2407.03,28.34,69.26,94,84.95
01-08-2025 00:00,2407.03,28.34,64.01,94,84.95
01-09-2025 00:00,2407.03,28.34,62.37,94,84.95
01-10-2025 00:00,2407.03,28.34,60.98,94,84.95
01-11-2025 00:00,2407.03,28.34,58.55,94,84.95
01-12-2025 00:00,2407.03,28.34,57.42,94,84.95
01-01-2026 00:00,2407.03,28.34,65.21,94,84.95
01-02-2026 00:00,2407.03,28.34,67.02,94,84.95
01-03-2026 00:00,2407.03,28.34,75.6386,94,84.95
